,Run,K,M,J,a,b,eig1,eig2
0,1,1,10,10,6.071795411739975,1.966763324075374,2,4
1,1,1,10,20,6.112527973770742,1.972428194353812,2,4
2,1,1,10,30,6.125627803858514,1.974256770794937,2,4
3,1,1,10,40,6.131581571799999,1.975049069405688,2,4
4,1,1,10,50,6.1361539615538945,1.9756783176025736,2,4
5,1,1,10,60,6.1388790388149985,1.9760700536878608,2,4
6,1,1,20,10,6.11407813403075,1.973248042002671,2,4
7,1,1,20,20,6.132427410838253,1.975745273767506,2,4
8,1,1,20,30,6.139316821070579,1.9766966195260276,2,4
9,1,1,20,40,6.1425022116023955,1.977129057718845,2,4
10,1,1,20,50,6.144273920107513,1.9773636745350682,2,4
11,1,1,20,60,6.14566144015936,1.9775577872054582,2,4
12,1,1,30,10,6.131903727669571,1.9760423125947988,2,4
13,1,1,30,20,6.144911648069175,1.977836443954065,2,4
14,1,1,30,30,6.149282351490656,1.978440074872849,2,4
15,1,1,30,40,6.151492711246782,1.978744894959412,2,4
16,1,1,30,50,6.152778916284744,1.9789244304881983,2,4
17,1,1,30,60,6.1536687651234,1.9790455507780742,2,4
18,1,1,40,10,6.132456506193239,1.9758857152529548,2,4
19,1,1,40,20,6.14269208370404,1.9772960308522316,2,4
20,1,1,40,30,6.145866331811535,1.9777274012542945,2,4
21,1,1,40,40,6.1474986390054305,1.9779510516039698,2,4
22,1,1,40,50,6.148391069657917,1.9780763088191347,2,4
23,1,1,40,60,6.1490803943561785,1.9781647869853578,2,4
24,1,1,50,10,6.143085110239028,1.9776516660156949,2,4
25,1,1,50,20,6.150669266700087,1.9786939231394487,2,4
26,1,1,50,30,6.153392531346322,1.9790780976279885,2,4
27,1,1,50,40,6.154618748030365,1.979243787088537,2,4
28,1,1,50,50,6.155456129098038,1.9793605654090578,2,4
29,1,1,50,60,6.155923122592851,1.9794234302750484,2,4
30,1,1,60,10,6.145798057109413,1.97804425683614,2,4
31,1,1,60,20,6.152086984065178,1.9789059846063115,2,4
32,1,1,60,30,6.154248207926842,1.9792043016828564,2,4
33,1,1,60,40,6.155325278928474,1.9793519964061832,2,4
34,1,1,60,50,6.1559489672505645,1.9794377530182614,2,4
35,1,1,60,60,6.156379885297655,1.9794965260617072,2,4
36,1,10,10,10,1.8856323668188189,1.084914259897413,4,8
37,1,10,10,20,1.885840354363249,1.0845514091785327,4,8
38,1,10,10,30,1.8858063878400515,1.0844038678575434,4,8
39,1,10,10,40,1.8857234002782783,1.0842776336529991,4,8
40,1,10,10,50,1.885838095778935,1.084281251055192,4,8
41,1,10,10,60,1.8857899599716597,1.0842364750843816,4,8
42,1,10,20,10,1.8848924252759272,1.084244755680695,4,8
43,1,10,20,20,1.8845367399210846,1.0838220090491697,4,8
44,1,10,20,30,1.8846654368799807,1.083824530536252,4,8
45,1,10,20,40,1.884618449339366,1.083758138986224,4,8
46,1,10,20,50,1.8846727102084204,1.0837687588900158,4,8
47,1,10,20,60,1.884620305440294,1.0837201502353542,4,8
48,1,10,30,10,1.8824460527074263,1.082744748536436,4,8
49,1,10,30,20,1.8823938348723641,1.0825841442774304,4,8
50,1,10,30,30,1.8822777346186728,1.0824726555810378,4,8
51,1,10,30,40,1.8823429682714867,1.0824871033033672,4,8
52,1,10,30,50,1.8822998952861485,1.0824531069647836,4,8
53,1,10,30,60,1.8822636395459953,1.082420760746507,4,8
54,1,10,40,10,1.8809516804821693,1.0816535047801756,4,7
55,1,10,40,20,1.8809951272956549,1.0815668489845054,4,7
56,1,10,40,30,1.8810502183927904,1.0815605826905341,4,7
57,1,10,40,40,1.881054900853268,1.0815471089196278,4,7
58,1,10,40,50,1.8810137175402062,1.0815145662691303,4,7
59,1,10,40,60,1.8810298263766558,1.0815146430514715,4,7
60,1,10,50,10,1.8793675462568231,1.0808226780083456,4,7
61,1,10,50,20,1.8793273164933466,1.0807193920293394,4,7
62,1,10,50,30,1.8794301653249497,1.0807509360665843,4,7
63,1,10,50,40,1.879402254103272,1.0807213046202222,4,7
64,1,10,50,50,1.8794641661760316,1.0807473914281147,4,7
65,1,10,50,60,1.879413547483482,1.080711556635181,4,7
66,1,10,60,10,1.8785668744551776,1.0803071646417146,4,7
67,1,10,60,20,1.8786573452350046,1.0802951250941821,4,7
68,1,10,60,30,1.878588603706971,1.0802313721822543,4,7
69,1,10,60,40,1.8785713371129342,1.0802119415047735,4,7
70,1,10,60,50,1.87859612499847,1.0802204927947652,4,7
71,1,10,60,60,1.8785748415115608,1.0802020036841278,4,7
72,1,40,10,10,0.43562878555235446,0.3508974019854789,8,15
73,1,40,10,20,0.43594053034616986,0.3510286346839701,8,15
74,1,40,10,30,0.43601859283107114,0.351058654451956,8,15
75,1,40,10,40,0.4360641431032308,0.35106465838246753,8,15
76,1,40,10,50,0.43609658784208954,0.3510794750629681,8,15
77,1,40,10,60,0.43611198565582104,0.351085682789565,8,15
78,1,40,20,10,0.436004127151142,0.3508163071068722,8,14
79,1,40,20,20,0.43614197049819375,0.3508375572851364,8,14
80,1,40,20,30,0.43617118330587673,0.3508548537813662,8,14
81,1,40,20,40,0.4361945606060884,0.35085788332397433,8,14
82,1,40,20,50,0.4361986700866216,0.3508616556177902,8,14
83,1,40,20,60,0.43621503470949813,0.3508640041121009,8,14
84,1,40,30,10,0.4361683127829321,0.35064752553198986,8,13
85,1,40,30,20,0.43624275968717025,0.3506696110898941,8,13
86,1,40,30,30,0.43626753234164894,0.35066778342248,8,13
87,1,40,30,40,0.43628115087479136,0.350678425479152,8,13
88,1,40,30,50,0.4362847443955295,0.3506762752066579,8,13
89,1,40,30,60,0.43629095121563594,0.3506744238161418,8,13
90,1,40,40,10,0.43651279233927104,0.3506600823081142,8,13
91,1,40,40,20,0.43656099134848325,0.35067452689995215,8,13
92,1,40,40,30,0.4365751253899562,0.35068217772465843,8,13
93,1,40,40,40,0.43658221371594025,0.35068442086154605,8,13
94,1,40,40,50,0.4365941213383191,0.35068776252288536,8,13
95,1,40,40,60,0.4365906315717185,0.35068421991812326,8,13
96,1,40,50,10,0.436350276611503,0.3504246391917972,8,13
97,1,40,50,20,0.43639978903667154,0.35044121504923803,8,13
98,1,40,50,30,0.4364259348617974,0.35046513087059533,8,13
99,1,40,50,40,0.43643181767183975,0.3504638583301329,8,13
100,1,40,50,50,0.4364394827610763,0.3504733586826401,8,13
101,1,40,50,60,0.4364438375302326,0.3504702004310079,8,13
102,1,40,60,10,0.4364302325824112,0.35038991548139525,8,13
103,1,40,60,20,0.43646690426390156,0.3504122783266903,8,13
104,1,40,60,30,0.4364842198468944,0.35041364588396423,8,13
105,1,40,60,40,0.43648636688435455,0.35041191422920126,8,13
106,1,40,60,50,0.43649015053604023,0.3504160888708528,8,13
107,1,40,60,60,0.4364951461131455,0.3504161222916458,8,13
108,1,100,10,10,0.1777853562047054,0.15735330089777863,16,29
109,1,100,10,20,0.1778163785144448,0.15732920338463036,16,29
110,1,100,10,30,0.17781641967062273,0.1573146031257486,16,29
111,1,100,10,40,0.17781995718603985,0.15730346377402338,16,29
112,1,100,10,50,0.17782285187853755,0.15730107150171255,16,29
113,1,100,10,60,0.1778231392507857,0.1572986508937772,16,29
114,1,100,20,10,0.17785169130931117,0.1571902195279166,16,27
115,1,100,20,20,0.17786139099384723,0.15715730723232116,16,27
116,1,100,20,30,0.17785715438761088,0.15715117395918446,16,27
117,1,100,20,40,0.177858778758898,0.15714521309170176,16,27
118,1,100,20,50,0.17785572203579045,0.15714290038419199,16,27
119,1,100,20,60,0.1778593952766481,0.15714114288228298,16,27
120,1,100,30,10,0.177893433813264,0.1570711264377905,16,26
121,1,100,30,20,0.17789364471699398,0.157054182798074,16,26
122,1,100,30,30,0.17789384479232295,0.15704403672374076,16,26
123,1,100,30,40,0.17789413892692607,0.15704451576824174,16,26
124,1,100,30,50,0.17789263057462745,0.1570406847158151,16,26
125,1,100,30,60,0.17789320749925006,0.15703790528324,16,26
126,1,100,40,10,0.1780280138253932,0.15706711784389274,16,25
127,1,100,40,20,0.17802324571455846,0.15705187326467066,16,25
128,1,100,40,30,0.17802070347572876,0.15704818958914238,16,25
129,1,100,40,40,0.17801966678766132,0.1570456777368038,16,25
130,1,100,40,50,0.1780225156626431,0.15704543182296812,16,25
131,1,100,40,60,0.1780192296482266,0.1570419739883728,16,25
132,1,100,50,10,0.177955005303905,0.15694045434063114,16,25
133,1,100,50,20,0.177956632600452,0.1569315670906546,16,25
134,1,100,50,30,0.17796056052319636,0.15693740171230683,16,25
135,1,100,50,40,0.1779600015633579,0.15693401315814068,16,25
136,1,100,50,50,0.17796096252446894,0.15693683555219062,16,25
137,1,100,50,60,0.17796157466870216,0.1569341082386328,16,25
138,1,100,60,10,0.17798322437361092,0.1569173628580876,16,25
139,1,100,60,20,0.1779826394981928,0.15691429417683503,16,25
140,1,100,60,30,0.1779844939755828,0.1569100081790935,16,25
141,1,100,60,40,0.17798290989700197,0.15690687786823057,16,25
142,1,100,60,50,0.17798289265651945,0.15690756832120953,16,25
143,1,100,60,60,0.17798392374753444,0.1569066174903585,16,25
144,2,1,10,10,6.071795411739975,1.966763324075374,2,4
145,2,1,10,20,6.112527973770742,1.972428194353812,2,4
146,2,1,10,30,6.125627803858514,1.974256770794937,2,4
147,2,1,10,40,6.131581571799999,1.975049069405688,2,4
148,2,1,10,50,6.1361539615538945,1.9756783176025736,2,4
149,2,1,10,60,6.1388790388149985,1.9760700536878608,2,4
150,2,1,20,10,6.11407813403075,1.973248042002671,2,4
151,2,1,20,20,6.132427410838253,1.975745273767506,2,4
152,2,1,20,30,6.139316821070579,1.9766966195260276,2,4
153,2,1,20,40,6.1425022116023955,1.977129057718845,2,4
154,2,1,20,50,6.144273920107513,1.9773636745350682,2,4
155,2,1,20,60,6.14566144015936,1.9775577872054582,2,4
156,2,1,30,10,6.131903727669571,1.9760423125947988,2,4
157,2,1,30,20,6.144911648069175,1.977836443954065,2,4
158,2,1,30,30,6.149282351490656,1.978440074872849,2,4
159,2,1,30,40,6.151492711246782,1.978744894959412,2,4
160,2,1,30,50,6.152778916284744,1.9789244304881983,2,4
161,2,1,30,60,6.1536687651234,1.9790455507780742,2,4
162,2,1,40,10,6.132456506193239,1.9758857152529548,2,4
163,2,1,40,20,6.14269208370404,1.9772960308522316,2,4
164,2,1,40,30,6.145866331811535,1.9777274012542945,2,4
165,2,1,40,40,6.1474986390054305,1.9779510516039698,2,4
166,2,1,40,50,6.148391069657917,1.9780763088191347,2,4
167,2,1,40,60,6.1490803943561785,1.9781647869853578,2,4
168,2,1,50,10,6.143085110239028,1.9776516660156949,2,4
169,2,1,50,20,6.150669266700087,1.9786939231394487,2,4
170,2,1,50,30,6.153392531346322,1.9790780976279885,2,4
171,2,1,50,40,6.154618748030365,1.979243787088537,2,4
172,2,1,50,50,6.155456129098038,1.9793605654090578,2,4
173,2,1,50,60,6.155923122592851,1.9794234302750484,2,4
174,2,1,60,10,6.145798057109413,1.97804425683614,2,4
175,2,1,60,20,6.152086984065178,1.9789059846063115,2,4
176,2,1,60,30,6.154248207926842,1.9792043016828564,2,4
177,2,1,60,40,6.155325278928474,1.9793519964061832,2,4
178,2,1,60,50,6.1559489672505645,1.9794377530182614,2,4
179,2,1,60,60,6.156379885297655,1.9794965260617072,2,4
180,2,10,10,10,1.8856323668188189,1.084914259897413,4,8
181,2,10,10,20,1.885840354363249,1.0845514091785327,4,8
182,2,10,10,30,1.8858063878400515,1.0844038678575434,4,8
183,2,10,10,40,1.8857234002782783,1.0842776336529991,4,8
184,2,10,10,50,1.885838095778935,1.084281251055192,4,8
185,2,10,10,60,1.8857899599716597,1.0842364750843816,4,8
186,2,10,20,10,1.8848924252759272,1.084244755680695,4,8
187,2,10,20,20,1.8845367399210846,1.0838220090491697,4,8
188,2,10,20,30,1.8846654368799807,1.083824530536252,4,8
189,2,10,20,40,1.884618449339366,1.083758138986224,4,8
190,2,10,20,50,1.8846727102084204,1.0837687588900158,4,8
191,2,10,20,60,1.884620305440294,1.0837201502353542,4,8
192,2,10,30,10,1.8824460527074263,1.082744748536436,4,8
193,2,10,30,20,1.8823938348723641,1.0825841442774304,4,8
194,2,10,30,30,1.8822777346186728,1.0824726555810378,4,8
195,2,10,30,40,1.8823429682714867,1.0824871033033672,4,8
196,2,10,30,50,1.8822998952861485,1.0824531069647836,4,8
197,2,10,30,60,1.8822636395459953,1.082420760746507,4,8
198,2,10,40,10,1.8809516804821693,1.0816535047801756,4,7
199,2,10,40,20,1.8809951272956549,1.0815668489845054,4,7
200,2,10,40,30,1.8810502183927904,1.0815605826905341,4,7
201,2,10,40,40,1.881054900853268,1.0815471089196278,4,7
202,2,10,40,50,1.8810137175402062,1.0815145662691303,4,7
203,2,10,40,60,1.8810298263766558,1.0815146430514715,4,7
204,2,10,50,10,1.8793675462568231,1.0808226780083456,4,7
205,2,10,50,20,1.8793273164933466,1.0807193920293394,4,7
206,2,10,50,30,1.8794301653249497,1.0807509360665843,4,7
207,2,10,50,40,1.879402254103272,1.0807213046202222,4,7
208,2,10,50,50,1.8794641661760316,1.0807473914281147,4,7
209,2,10,50,60,1.879413547483482,1.080711556635181,4,7
210,2,10,60,10,1.8785668744551776,1.0803071646417146,4,7
211,2,10,60,20,1.8786573452350046,1.0802951250941821,4,7
212,2,10,60,30,1.878588603706971,1.0802313721822543,4,7
213,2,10,60,40,1.8785713371129342,1.0802119415047735,4,7
214,2,10,60,50,1.87859612499847,1.0802204927947652,4,7
215,2,10,60,60,1.8785748415115608,1.0802020036841278,4,7
216,2,40,10,10,0.43562878555235446,0.3508974019854789,8,15
217,2,40,10,20,0.43594053034616986,0.3510286346839701,8,15
218,2,40,10,30,0.43601859283107114,0.351058654451956,8,15
219,2,40,10,40,0.4360641431032308,0.35106465838246753,8,15
220,2,40,10,50,0.43609658784208954,0.3510794750629681,8,15
221,2,40,10,60,0.43611198565582104,0.351085682789565,8,15
222,2,40,20,10,0.436004127151142,0.3508163071068722,8,14
223,2,40,20,20,0.43614197049819375,0.3508375572851364,8,14
224,2,40,20,30,0.43617118330587673,0.3508548537813662,8,14
225,2,40,20,40,0.4361945606060884,0.35085788332397433,8,14
226,2,40,20,50,0.4361986700866216,0.3508616556177902,8,14
227,2,40,20,60,0.43621503470949813,0.3508640041121009,8,14
228,2,40,30,10,0.4361683127829321,0.35064752553198986,8,13
229,2,40,30,20,0.43624275968717025,0.3506696110898941,8,13
230,2,40,30,30,0.43626753234164894,0.35066778342248,8,13
231,2,40,30,40,0.43628115087479136,0.350678425479152,8,13
232,2,40,30,50,0.4362847443955295,0.3506762752066579,8,13
233,2,40,30,60,0.43629095121563594,0.3506744238161418,8,13
234,2,40,40,10,0.43651279233927104,0.3506600823081142,8,13
235,2,40,40,20,0.43656099134848325,0.35067452689995215,8,13
236,2,40,40,30,0.4365751253899562,0.35068217772465843,8,13
237,2,40,40,40,0.43658221371594025,0.35068442086154605,8,13
238,2,40,40,50,0.4365941213383191,0.35068776252288536,8,13
239,2,40,40,60,0.4365906315717185,0.35068421991812326,8,13
240,2,40,50,10,0.436350276611503,0.3504246391917972,8,13
241,2,40,50,20,0.43639978903667154,0.35044121504923803,8,13
242,2,40,50,30,0.4364259348617974,0.35046513087059533,8,13
243,2,40,50,40,0.43643181767183975,0.3504638583301329,8,13
244,2,40,50,50,0.4364394827610763,0.3504733586826401,8,13
245,2,40,50,60,0.4364438375302326,0.3504702004310079,8,13
246,2,40,60,10,0.4364302325824112,0.35038991548139525,8,13
247,2,40,60,20,0.43646690426390156,0.3504122783266903,8,13
248,2,40,60,30,0.4364842198468944,0.35041364588396423,8,13
249,2,40,60,40,0.43648636688435455,0.35041191422920126,8,13
250,2,40,60,50,0.43649015053604023,0.3504160888708528,8,13
251,2,40,60,60,0.4364951461131455,0.3504161222916458,8,13
252,2,100,10,10,0.1777853562047054,0.15735330089777863,16,29
253,2,100,10,20,0.1778163785144448,0.15732920338463036,16,29
254,2,100,10,30,0.17781641967062273,0.1573146031257486,16,29
255,2,100,10,40,0.17781995718603985,0.15730346377402338,16,29
256,2,100,10,50,0.17782285187853755,0.15730107150171255,16,29
257,2,100,10,60,0.1778231392507857,0.1572986508937772,16,29
258,2,100,20,10,0.17785169130931117,0.1571902195279166,16,27
259,2,100,20,20,0.17786139099384723,0.15715730723232116,16,27
260,2,100,20,30,0.17785715438761088,0.15715117395918446,16,27
261,2,100,20,40,0.177858778758898,0.15714521309170176,16,27
262,2,100,20,50,0.17785572203579045,0.15714290038419199,16,27
263,2,100,20,60,0.1778593952766481,0.15714114288228298,16,27
264,2,100,30,10,0.177893433813264,0.1570711264377905,16,26
265,2,100,30,20,0.17789364471699398,0.157054182798074,16,26
266,2,100,30,30,0.17789384479232295,0.15704403672374076,16,26
267,2,100,30,40,0.17789413892692607,0.15704451576824174,16,26
268,2,100,30,50,0.17789263057462745,0.1570406847158151,16,26
269,2,100,30,60,0.17789320749925006,0.15703790528324,16,26
270,2,100,40,10,0.1780280138253932,0.15706711784389274,16,25
271,2,100,40,20,0.17802324571455846,0.15705187326467066,16,25
272,2,100,40,30,0.17802070347572876,0.15704818958914238,16,25
273,2,100,40,40,0.17801966678766132,0.1570456777368038,16,25
274,2,100,40,50,0.1780225156626431,0.15704543182296812,16,25
275,2,100,40,60,0.1780192296482266,0.1570419739883728,16,25
276,2,100,50,10,0.177955005303905,0.15694045434063114,16,25
277,2,100,50,20,0.177956632600452,0.1569315670906546,16,25
278,2,100,50,30,0.17796056052319636,0.15693740171230683,16,25
279,2,100,50,40,0.1779600015633579,0.15693401315814068,16,25
280,2,100,50,50,0.17796096252446894,0.15693683555219062,16,25
281,2,100,50,60,0.17796157466870216,0.1569341082386328,16,25
282,2,100,60,10,0.17798322437361092,0.1569173628580876,16,25
283,2,100,60,20,0.1779826394981928,0.15691429417683503,16,25
284,2,100,60,30,0.1779844939755828,0.1569100081790935,16,25
285,2,100,60,40,0.17798290989700197,0.15690687786823057,16,25
286,2,100,60,50,0.17798289265651945,0.15690756832120953,16,25
287,2,100,60,60,0.17798392374753444,0.1569066174903585,16,25
288,3,1,10,10,6.071795411739975,1.966763324075374,2,4
289,3,1,10,20,6.112527973770742,1.972428194353812,2,4
290,3,1,10,30,6.125627803858514,1.974256770794937,2,4
291,3,1,10,40,6.131581571799999,1.975049069405688,2,4
292,3,1,10,50,6.1361539615538945,1.9756783176025736,2,4
293,3,1,10,60,6.1388790388149985,1.9760700536878608,2,4
294,3,1,20,10,6.11407813403075,1.973248042002671,2,4
295,3,1,20,20,6.132427410838253,1.975745273767506,2,4
296,3,1,20,30,6.139316821070579,1.9766966195260276,2,4
297,3,1,20,40,6.1425022116023955,1.977129057718845,2,4
298,3,1,20,50,6.144273920107513,1.9773636745350682,2,4
299,3,1,20,60,6.14566144015936,1.9775577872054582,2,4
300,3,1,30,10,6.131903727669571,1.9760423125947988,2,4
301,3,1,30,20,6.144911648069175,1.977836443954065,2,4
302,3,1,30,30,6.149282351490656,1.978440074872849,2,4
303,3,1,30,40,6.151492711246782,1.978744894959412,2,4
304,3,1,30,50,6.152778916284744,1.9789244304881983,2,4
305,3,1,30,60,6.1536687651234,1.9790455507780742,2,4
306,3,1,40,10,6.132456506193239,1.9758857152529548,2,4
307,3,1,40,20,6.14269208370404,1.9772960308522316,2,4
308,3,1,40,30,6.145866331811535,1.9777274012542945,2,4
309,3,1,40,40,6.1474986390054305,1.9779510516039698,2,4
310,3,1,40,50,6.148391069657917,1.9780763088191347,2,4
311,3,1,40,60,6.1490803943561785,1.9781647869853578,2,4
312,3,1,50,10,6.143085110239028,1.9776516660156949,2,4
313,3,1,50,20,6.150669266700087,1.9786939231394487,2,4
314,3,1,50,30,6.153392531346322,1.9790780976279885,2,4
315,3,1,50,40,6.154618748030365,1.979243787088537,2,4
316,3,1,50,50,6.155456129098038,1.9793605654090578,2,4
317,3,1,50,60,6.155923122592851,1.9794234302750484,2,4
318,3,1,60,10,6.145798057109413,1.97804425683614,2,4
319,3,1,60,20,6.152086984065178,1.9789059846063115,2,4
320,3,1,60,30,6.154248207926842,1.9792043016828564,2,4
321,3,1,60,40,6.155325278928474,1.9793519964061832,2,4
322,3,1,60,50,6.1559489672505645,1.9794377530182614,2,4
323,3,1,60,60,6.156379885297655,1.9794965260617072,2,4
324,3,10,10,10,1.8856323668188189,1.084914259897413,4,8
325,3,10,10,20,1.885840354363249,1.0845514091785327,4,8
326,3,10,10,30,1.8858063878400515,1.0844038678575434,4,8
327,3,10,10,40,1.8857234002782783,1.0842776336529991,4,8
328,3,10,10,50,1.885838095778935,1.084281251055192,4,8
329,3,10,10,60,1.8857899599716597,1.0842364750843816,4,8
330,3,10,20,10,1.8848924252759272,1.084244755680695,4,8
331,3,10,20,20,1.8845367399210846,1.0838220090491697,4,8
332,3,10,20,30,1.8846654368799807,1.083824530536252,4,8
333,3,10,20,40,1.884618449339366,1.083758138986224,4,8
334,3,10,20,50,1.8846727102084204,1.0837687588900158,4,8
335,3,10,20,60,1.884620305440294,1.0837201502353542,4,8
336,3,10,30,10,1.8824460527074263,1.082744748536436,4,8
337,3,10,30,20,1.8823938348723641,1.0825841442774304,4,8
338,3,10,30,30,1.8822777346186728,1.0824726555810378,4,8
339,3,10,30,40,1.8823429682714867,1.0824871033033672,4,8
340,3,10,30,50,1.8822998952861485,1.0824531069647836,4,8
341,3,10,30,60,1.8822636395459953,1.082420760746507,4,8
342,3,10,40,10,1.8809516804821693,1.0816535047801756,4,7
343,3,10,40,20,1.8809951272956549,1.0815668489845054,4,7
344,3,10,40,30,1.8810502183927904,1.0815605826905341,4,7
345,3,10,40,40,1.881054900853268,1.0815471089196278,4,7
346,3,10,40,50,1.8810137175402062,1.0815145662691303,4,7
347,3,10,40,60,1.8810298263766558,1.0815146430514715,4,7
348,3,10,50,10,1.8793675462568231,1.0808226780083456,4,7
349,3,10,50,20,1.8793273164933466,1.0807193920293394,4,7
350,3,10,50,30,1.8794301653249497,1.0807509360665843,4,7
351,3,10,50,40,1.879402254103272,1.0807213046202222,4,7
352,3,10,50,50,1.8794641661760316,1.0807473914281147,4,7
353,3,10,50,60,1.879413547483482,1.080711556635181,4,7
354,3,10,60,10,1.8785668744551776,1.0803071646417146,4,7
355,3,10,60,20,1.8786573452350046,1.0802951250941821,4,7
356,3,10,60,30,1.878588603706971,1.0802313721822543,4,7
357,3,10,60,40,1.8785713371129342,1.0802119415047735,4,7
358,3,10,60,50,1.87859612499847,1.0802204927947652,4,7
359,3,10,60,60,1.8785748415115608,1.0802020036841278,4,7
360,3,40,10,10,0.43562878555235446,0.3508974019854789,8,15
361,3,40,10,20,0.43594053034616986,0.3510286346839701,8,15
362,3,40,10,30,0.43601859283107114,0.351058654451956,8,15
363,3,40,10,40,0.4360641431032308,0.35106465838246753,8,15
364,3,40,10,50,0.43609658784208954,0.3510794750629681,8,15
365,3,40,10,60,0.43611198565582104,0.351085682789565,8,15
366,3,40,20,10,0.436004127151142,0.3508163071068722,8,14
367,3,40,20,20,0.43614197049819375,0.3508375572851364,8,14
368,3,40,20,30,0.43617118330587673,0.3508548537813662,8,14
369,3,40,20,40,0.4361945606060884,0.35085788332397433,8,14
370,3,40,20,50,0.4361986700866216,0.3508616556177902,8,14
371,3,40,20,60,0.43621503470949813,0.3508640041121009,8,14
372,3,40,30,10,0.4361683127829321,0.35064752553198986,8,13
373,3,40,30,20,0.43624275968717025,0.3506696110898941,8,13
374,3,40,30,30,0.43626753234164894,0.35066778342248,8,13
375,3,40,30,40,0.43628115087479136,0.350678425479152,8,13
376,3,40,30,50,0.4362847443955295,0.3506762752066579,8,13
377,3,40,30,60,0.43629095121563594,0.3506744238161418,8,13
378,3,40,40,10,0.43651279233927104,0.3506600823081142,8,13
379,3,40,40,20,0.43656099134848325,0.35067452689995215,8,13
380,3,40,40,30,0.4365751253899562,0.35068217772465843,8,13
381,3,40,40,40,0.43658221371594025,0.35068442086154605,8,13
382,3,40,40,50,0.4365941213383191,0.35068776252288536,8,13
383,3,40,40,60,0.4365906315717185,0.35068421991812326,8,13
384,3,40,50,10,0.436350276611503,0.3504246391917972,8,13
385,3,40,50,20,0.43639978903667154,0.35044121504923803,8,13
386,3,40,50,30,0.4364259348617974,0.35046513087059533,8,13
387,3,40,50,40,0.43643181767183975,0.3504638583301329,8,13
388,3,40,50,50,0.4364394827610763,0.3504733586826401,8,13
389,3,40,50,60,0.4364438375302326,0.3504702004310079,8,13
390,3,40,60,10,0.4364302325824112,0.35038991548139525,8,13
391,3,40,60,20,0.43646690426390156,0.3504122783266903,8,13
392,3,40,60,30,0.4364842198468944,0.35041364588396423,8,13
393,3,40,60,40,0.43648636688435455,0.35041191422920126,8,13
394,3,40,60,50,0.43649015053604023,0.3504160888708528,8,13
395,3,40,60,60,0.4364951461131455,0.3504161222916458,8,13
396,3,100,10,10,0.1777853562047054,0.15735330089777863,16,29
397,3,100,10,20,0.1778163785144448,0.15732920338463036,16,29
398,3,100,10,30,0.17781641967062273,0.1573146031257486,16,29
399,3,100,10,40,0.17781995718603985,0.15730346377402338,16,29
400,3,100,10,50,0.17782285187853755,0.15730107150171255,16,29
401,3,100,10,60,0.1778231392507857,0.1572986508937772,16,29
402,3,100,20,10,0.17785169130931117,0.1571902195279166,16,27
403,3,100,20,20,0.17786139099384723,0.15715730723232116,16,27
404,3,100,20,30,0.17785715438761088,0.15715117395918446,16,27
405,3,100,20,40,0.177858778758898,0.15714521309170176,16,27
406,3,100,20,50,0.17785572203579045,0.15714290038419199,16,27
407,3,100,20,60,0.1778593952766481,0.15714114288228298,16,27
408,3,100,30,10,0.177893433813264,0.1570711264377905,16,26
409,3,100,30,20,0.17789364471699398,0.157054182798074,16,26
410,3,100,30,30,0.17789384479232295,0.15704403672374076,16,26
411,3,100,30,40,0.17789413892692607,0.15704451576824174,16,26
412,3,100,30,50,0.17789263057462745,0.1570406847158151,16,26
413,3,100,30,60,0.17789320749925006,0.15703790528324,16,26
414,3,100,40,10,0.1780280138253932,0.15706711784389274,16,25
415,3,100,40,20,0.17802324571455846,0.15705187326467066,16,25
416,3,100,40,30,0.17802070347572876,0.15704818958914238,16,25
417,3,100,40,40,0.17801966678766132,0.1570456777368038,16,25
418,3,100,40,50,0.1780225156626431,0.15704543182296812,16,25
419,3,100,40,60,0.1780192296482266,0.1570419739883728,16,25
420,3,100,50,10,0.177955005303905,0.15694045434063114,16,25
421,3,100,50,20,0.177956632600452,0.1569315670906546,16,25
422,3,100,50,30,0.17796056052319636,0.15693740171230683,16,25
423,3,100,50,40,0.1779600015633579,0.15693401315814068,16,25
424,3,100,50,50,0.17796096252446894,0.15693683555219062,16,25
425,3,100,50,60,0.17796157466870216,0.1569341082386328,16,25
426,3,100,60,10,0.17798322437361092,0.1569173628580876,16,25
427,3,100,60,20,0.1779826394981928,0.15691429417683503,16,25
428,3,100,60,30,0.1779844939755828,0.1569100081790935,16,25
429,3,100,60,40,0.17798290989700197,0.15690687786823057,16,25
430,3,100,60,50,0.17798289265651945,0.15690756832120953,16,25
431,3,100,60,60,0.17798392374753444,0.1569066174903585,16,25
432,4,1,10,10,6.071795411739975,1.966763324075374,2,4
433,4,1,10,20,6.112527973770742,1.972428194353812,2,4
434,4,1,10,30,6.125627803858514,1.974256770794937,2,4
435,4,1,10,40,6.131581571799999,1.975049069405688,2,4
436,4,1,10,50,6.1361539615538945,1.9756783176025736,2,4
437,4,1,10,60,6.1388790388149985,1.9760700536878608,2,4
438,4,1,20,10,6.11407813403075,1.973248042002671,2,4
439,4,1,20,20,6.132427410838253,1.975745273767506,2,4
440,4,1,20,30,6.139316821070579,1.9766966195260276,2,4
441,4,1,20,40,6.1425022116023955,1.977129057718845,2,4
442,4,1,20,50,6.144273920107513,1.9773636745350682,2,4
443,4,1,20,60,6.14566144015936,1.9775577872054582,2,4
444,4,1,30,10,6.131903727669571,1.9760423125947988,2,4
445,4,1,30,20,6.144911648069175,1.977836443954065,2,4
446,4,1,30,30,6.149282351490656,1.978440074872849,2,4
447,4,1,30,40,6.151492711246782,1.978744894959412,2,4
448,4,1,30,50,6.152778916284744,1.9789244304881983,2,4
449,4,1,30,60,6.1536687651234,1.9790455507780742,2,4
450,4,1,40,10,6.132456506193239,1.9758857152529548,2,4
451,4,1,40,20,6.14269208370404,1.9772960308522316,2,4
452,4,1,40,30,6.145866331811535,1.9777274012542945,2,4
453,4,1,40,40,6.1474986390054305,1.9779510516039698,2,4
454,4,1,40,50,6.148391069657917,1.9780763088191347,2,4
455,4,1,40,60,6.1490803943561785,1.9781647869853578,2,4
456,4,1,50,10,6.143085110239028,1.9776516660156949,2,4
457,4,1,50,20,6.150669266700087,1.9786939231394487,2,4
458,4,1,50,30,6.153392531346322,1.9790780976279885,2,4
459,4,1,50,40,6.154618748030365,1.979243787088537,2,4
460,4,1,50,50,6.155456129098038,1.9793605654090578,2,4
461,4,1,50,60,6.155923122592851,1.9794234302750484,2,4
462,4,1,60,10,6.145798057109413,1.97804425683614,2,4
463,4,1,60,20,6.152086984065178,1.9789059846063115,2,4
464,4,1,60,30,6.154248207926842,1.9792043016828564,2,4
465,4,1,60,40,6.155325278928474,1.9793519964061832,2,4
466,4,1,60,50,6.1559489672505645,1.9794377530182614,2,4
467,4,1,60,60,6.156379885297655,1.9794965260617072,2,4
468,4,10,10,10,1.8856323668188189,1.084914259897413,4,8
469,4,10,10,20,1.885840354363249,1.0845514091785327,4,8
470,4,10,10,30,1.8858063878400515,1.0844038678575434,4,8
471,4,10,10,40,1.8857234002782783,1.0842776336529991,4,8
472,4,10,10,50,1.885838095778935,1.084281251055192,4,8
473,4,10,10,60,1.8857899599716597,1.0842364750843816,4,8
474,4,10,20,10,1.8848924252759272,1.084244755680695,4,8
475,4,10,20,20,1.8845367399210846,1.0838220090491697,4,8
476,4,10,20,30,1.8846654368799807,1.083824530536252,4,8
477,4,10,20,40,1.884618449339366,1.083758138986224,4,8
478,4,10,20,50,1.8846727102084204,1.0837687588900158,4,8
479,4,10,20,60,1.884620305440294,1.0837201502353542,4,8
480,4,10,30,10,1.8824460527074263,1.082744748536436,4,8
481,4,10,30,20,1.8823938348723641,1.0825841442774304,4,8
482,4,10,30,30,1.8822777346186728,1.0824726555810378,4,8
483,4,10,30,40,1.8823429682714867,1.0824871033033672,4,8
484,4,10,30,50,1.8822998952861485,1.0824531069647836,4,8
485,4,10,30,60,1.8822636395459953,1.082420760746507,4,8
486,4,10,40,10,1.8809516804821693,1.0816535047801756,4,7
487,4,10,40,20,1.8809951272956549,1.0815668489845054,4,7
488,4,10,40,30,1.8810502183927904,1.0815605826905341,4,7
489,4,10,40,40,1.881054900853268,1.0815471089196278,4,7
490,4,10,40,50,1.8810137175402062,1.0815145662691303,4,7
491,4,10,40,60,1.8810298263766558,1.0815146430514715,4,7
492,4,10,50,10,1.8793675462568231,1.0808226780083456,4,7
493,4,10,50,20,1.8793273164933466,1.0807193920293394,4,7
494,4,10,50,30,1.8794301653249497,1.0807509360665843,4,7
495,4,10,50,40,1.879402254103272,1.0807213046202222,4,7
496,4,10,50,50,1.8794641661760316,1.0807473914281147,4,7
497,4,10,50,60,1.879413547483482,1.080711556635181,4,7
498,4,10,60,10,1.8785668744551776,1.0803071646417146,4,7
499,4,10,60,20,1.8786573452350046,1.0802951250941821,4,7
500,4,10,60,30,1.878588603706971,1.0802313721822543,4,7
501,4,10,60,40,1.8785713371129342,1.0802119415047735,4,7
502,4,10,60,50,1.87859612499847,1.0802204927947652,4,7
503,4,10,60,60,1.8785748415115608,1.0802020036841278,4,7
504,4,40,10,10,0.43562878555235446,0.3508974019854789,8,15
505,4,40,10,20,0.43594053034616986,0.3510286346839701,8,15
506,4,40,10,30,0.43601859283107114,0.351058654451956,8,15
507,4,40,10,40,0.4360641431032308,0.35106465838246753,8,15
508,4,40,10,50,0.43609658784208954,0.3510794750629681,8,15
509,4,40,10,60,0.43611198565582104,0.351085682789565,8,15
510,4,40,20,10,0.436004127151142,0.3508163071068722,8,14
511,4,40,20,20,0.43614197049819375,0.3508375572851364,8,14
512,4,40,20,30,0.43617118330587673,0.3508548537813662,8,14
513,4,40,20,40,0.4361945606060884,0.35085788332397433,8,14
514,4,40,20,50,0.4361986700866216,0.3508616556177902,8,14
515,4,40,20,60,0.43621503470949813,0.3508640041121009,8,14
516,4,40,30,10,0.4361683127829321,0.35064752553198986,8,13
517,4,40,30,20,0.43624275968717025,0.3506696110898941,8,13
518,4,40,30,30,0.43626753234164894,0.35066778342248,8,13
519,4,40,30,40,0.43628115087479136,0.350678425479152,8,13
520,4,40,30,50,0.4362847443955295,0.3506762752066579,8,13
521,4,40,30,60,0.43629095121563594,0.3506744238161418,8,13
522,4,40,40,10,0.43651279233927104,0.3506600823081142,8,13
523,4,40,40,20,0.43656099134848325,0.35067452689995215,8,13
524,4,40,40,30,0.4365751253899562,0.35068217772465843,8,13
525,4,40,40,40,0.43658221371594025,0.35068442086154605,8,13
526,4,40,40,50,0.4365941213383191,0.35068776252288536,8,13
527,4,40,40,60,0.4365906315717185,0.35068421991812326,8,13
528,4,40,50,10,0.436350276611503,0.3504246391917972,8,13
529,4,40,50,20,0.43639978903667154,0.35044121504923803,8,13
530,4,40,50,30,0.4364259348617974,0.35046513087059533,8,13
531,4,40,50,40,0.43643181767183975,0.3504638583301329,8,13
532,4,40,50,50,0.4364394827610763,0.3504733586826401,8,13
533,4,40,50,60,0.4364438375302326,0.3504702004310079,8,13
534,4,40,60,10,0.4364302325824112,0.35038991548139525,8,13
535,4,40,60,20,0.43646690426390156,0.3504122783266903,8,13
536,4,40,60,30,0.4364842198468944,0.35041364588396423,8,13
537,4,40,60,40,0.43648636688435455,0.35041191422920126,8,13
538,4,40,60,50,0.43649015053604023,0.3504160888708528,8,13
539,4,40,60,60,0.4364951461131455,0.3504161222916458,8,13
540,4,100,10,10,0.1777853562047054,0.15735330089777863,16,29
541,4,100,10,20,0.1778163785144448,0.15732920338463036,16,29
542,4,100,10,30,0.17781641967062273,0.1573146031257486,16,29
543,4,100,10,40,0.17781995718603985,0.15730346377402338,16,29
544,4,100,10,50,0.17782285187853755,0.15730107150171255,16,29
545,4,100,10,60,0.1778231392507857,0.1572986508937772,16,29
546,4,100,20,10,0.17785169130931117,0.1571902195279166,16,27
547,4,100,20,20,0.17786139099384723,0.15715730723232116,16,27
548,4,100,20,30,0.17785715438761088,0.15715117395918446,16,27
549,4,100,20,40,0.177858778758898,0.15714521309170176,16,27
550,4,100,20,50,0.17785572203579045,0.15714290038419199,16,27
551,4,100,20,60,0.1778593952766481,0.15714114288228298,16,27
552,4,100,30,10,0.177893433813264,0.1570711264377905,16,26
553,4,100,30,20,0.17789364471699398,0.157054182798074,16,26
554,4,100,30,30,0.17789384479232295,0.15704403672374076,16,26
555,4,100,30,40,0.17789413892692607,0.15704451576824174,16,26
556,4,100,30,50,0.17789263057462745,0.1570406847158151,16,26
557,4,100,30,60,0.17789320749925006,0.15703790528324,16,26
558,4,100,40,10,0.1780280138253932,0.15706711784389274,16,25
559,4,100,40,20,0.17802324571455846,0.15705187326467066,16,25
560,4,100,40,30,0.17802070347572876,0.15704818958914238,16,25
561,4,100,40,40,0.17801966678766132,0.1570456777368038,16,25
562,4,100,40,50,0.1780225156626431,0.15704543182296812,16,25
563,4,100,40,60,0.1780192296482266,0.1570419739883728,16,25
564,4,100,50,10,0.177955005303905,0.15694045434063114,16,25
565,4,100,50,20,0.177956632600452,0.1569315670906546,16,25
566,4,100,50,30,0.17796056052319636,0.15693740171230683,16,25
567,4,100,50,40,0.1779600015633579,0.15693401315814068,16,25
568,4,100,50,50,0.17796096252446894,0.15693683555219062,16,25
569,4,100,50,60,0.17796157466870216,0.1569341082386328,16,25
570,4,100,60,10,0.17798322437361092,0.1569173628580876,16,25
571,4,100,60,20,0.1779826394981928,0.15691429417683503,16,25
572,4,100,60,30,0.1779844939755828,0.1569100081790935,16,25
573,4,100,60,40,0.17798290989700197,0.15690687786823057,16,25
574,4,100,60,50,0.17798289265651945,0.15690756832120953,16,25
575,4,100,60,60,0.17798392374753444,0.1569066174903585,16,25
576,5,1,10,10,6.071795411739975,1.966763324075374,2,4
577,5,1,10,20,6.112527973770742,1.972428194353812,2,4
578,5,1,10,30,6.125627803858514,1.974256770794937,2,4
579,5,1,10,40,6.131581571799999,1.975049069405688,2,4
580,5,1,10,50,6.1361539615538945,1.9756783176025736,2,4
581,5,1,10,60,6.1388790388149985,1.9760700536878608,2,4
582,5,1,20,10,6.11407813403075,1.973248042002671,2,4
583,5,1,20,20,6.132427410838253,1.975745273767506,2,4
584,5,1,20,30,6.139316821070579,1.9766966195260276,2,4
585,5,1,20,40,6.1425022116023955,1.977129057718845,2,4
586,5,1,20,50,6.144273920107513,1.9773636745350682,2,4
587,5,1,20,60,6.14566144015936,1.9775577872054582,2,4
588,5,1,30,10,6.131903727669571,1.9760423125947988,2,4
589,5,1,30,20,6.144911648069175,1.977836443954065,2,4
590,5,1,30,30,6.149282351490656,1.978440074872849,2,4
591,5,1,30,40,6.151492711246782,1.978744894959412,2,4
592,5,1,30,50,6.152778916284744,1.9789244304881983,2,4
593,5,1,30,60,6.1536687651234,1.9790455507780742,2,4
594,5,1,40,10,6.132456506193239,1.9758857152529548,2,4
595,5,1,40,20,6.14269208370404,1.9772960308522316,2,4
596,5,1,40,30,6.145866331811535,1.9777274012542945,2,4
597,5,1,40,40,6.1474986390054305,1.9779510516039698,2,4
598,5,1,40,50,6.148391069657917,1.9780763088191347,2,4
599,5,1,40,60,6.1490803943561785,1.9781647869853578,2,4
600,5,1,50,10,6.143085110239028,1.9776516660156949,2,4
601,5,1,50,20,6.150669266700087,1.9786939231394487,2,4
602,5,1,50,30,6.153392531346322,1.9790780976279885,2,4
603,5,1,50,40,6.154618748030365,1.979243787088537,2,4
604,5,1,50,50,6.155456129098038,1.9793605654090578,2,4
605,5,1,50,60,6.155923122592851,1.9794234302750484,2,4
606,5,1,60,10,6.145798057109413,1.97804425683614,2,4
607,5,1,60,20,6.152086984065178,1.9789059846063115,2,4
608,5,1,60,30,6.154248207926842,1.9792043016828564,2,4
609,5,1,60,40,6.155325278928474,1.9793519964061832,2,4
610,5,1,60,50,6.1559489672505645,1.9794377530182614,2,4
611,5,1,60,60,6.156379885297655,1.9794965260617072,2,4
612,5,10,10,10,1.8856323668188189,1.084914259897413,4,8
613,5,10,10,20,1.885840354363249,1.0845514091785327,4,8
614,5,10,10,30,1.8858063878400515,1.0844038678575434,4,8
615,5,10,10,40,1.8857234002782783,1.0842776336529991,4,8
616,5,10,10,50,1.885838095778935,1.084281251055192,4,8
617,5,10,10,60,1.8857899599716597,1.0842364750843816,4,8
618,5,10,20,10,1.8848924252759272,1.084244755680695,4,8
619,5,10,20,20,1.8845367399210846,1.0838220090491697,4,8
620,5,10,20,30,1.8846654368799807,1.083824530536252,4,8
621,5,10,20,40,1.884618449339366,1.083758138986224,4,8
622,5,10,20,50,1.8846727102084204,1.0837687588900158,4,8
623,5,10,20,60,1.884620305440294,1.0837201502353542,4,8
624,5,10,30,10,1.8824460527074263,1.082744748536436,4,8
625,5,10,30,20,1.8823938348723641,1.0825841442774304,4,8
626,5,10,30,30,1.8822777346186728,1.0824726555810378,4,8
627,5,10,30,40,1.8823429682714867,1.0824871033033672,4,8
628,5,10,30,50,1.8822998952861485,1.0824531069647836,4,8
629,5,10,30,60,1.8822636395459953,1.082420760746507,4,8
630,5,10,40,10,1.8809516804821693,1.0816535047801756,4,7
631,5,10,40,20,1.8809951272956549,1.0815668489845054,4,7
632,5,10,40,30,1.8810502183927904,1.0815605826905341,4,7
633,5,10,40,40,1.881054900853268,1.0815471089196278,4,7
634,5,10,40,50,1.8810137175402062,1.0815145662691303,4,7
635,5,10,40,60,1.8810298263766558,1.0815146430514715,4,7
636,5,10,50,10,1.8793675462568231,1.0808226780083456,4,7
637,5,10,50,20,1.8793273164933466,1.0807193920293394,4,7
638,5,10,50,30,1.8794301653249497,1.0807509360665843,4,7
639,5,10,50,40,1.879402254103272,1.0807213046202222,4,7
640,5,10,50,50,1.8794641661760316,1.0807473914281147,4,7
641,5,10,50,60,1.879413547483482,1.080711556635181,4,7
642,5,10,60,10,1.8785668744551776,1.0803071646417146,4,7
643,5,10,60,20,1.8786573452350046,1.0802951250941821,4,7
644,5,10,60,30,1.878588603706971,1.0802313721822543,4,7
645,5,10,60,40,1.8785713371129342,1.0802119415047735,4,7
646,5,10,60,50,1.87859612499847,1.0802204927947652,4,7
647,5,10,60,60,1.8785748415115608,1.0802020036841278,4,7
648,5,40,10,10,0.43562878555235446,0.3508974019854789,8,15
649,5,40,10,20,0.43594053034616986,0.3510286346839701,8,15
650,5,40,10,30,0.43601859283107114,0.351058654451956,8,15
651,5,40,10,40,0.4360641431032308,0.35106465838246753,8,15
652,5,40,10,50,0.43609658784208954,0.3510794750629681,8,15
653,5,40,10,60,0.43611198565582104,0.351085682789565,8,15
654,5,40,20,10,0.436004127151142,0.3508163071068722,8,14
655,5,40,20,20,0.43614197049819375,0.3508375572851364,8,14
656,5,40,20,30,0.43617118330587673,0.3508548537813662,8,14
657,5,40,20,40,0.4361945606060884,0.35085788332397433,8,14
658,5,40,20,50,0.4361986700866216,0.3508616556177902,8,14
659,5,40,20,60,0.43621503470949813,0.3508640041121009,8,14
660,5,40,30,10,0.4361683127829321,0.35064752553198986,8,13
661,5,40,30,20,0.43624275968717025,0.3506696110898941,8,13
662,5,40,30,30,0.43626753234164894,0.35066778342248,8,13
663,5,40,30,40,0.43628115087479136,0.350678425479152,8,13
664,5,40,30,50,0.4362847443955295,0.3506762752066579,8,13
665,5,40,30,60,0.43629095121563594,0.3506744238161418,8,13
666,5,40,40,10,0.43651279233927104,0.3506600823081142,8,13
667,5,40,40,20,0.43656099134848325,0.35067452689995215,8,13
668,5,40,40,30,0.4365751253899562,0.35068217772465843,8,13
669,5,40,40,40,0.43658221371594025,0.35068442086154605,8,13
670,5,40,40,50,0.4365941213383191,0.35068776252288536,8,13
671,5,40,40,60,0.4365906315717185,0.35068421991812326,8,13
672,5,40,50,10,0.436350276611503,0.3504246391917972,8,13
673,5,40,50,20,0.43639978903667154,0.35044121504923803,8,13
674,5,40,50,30,0.4364259348617974,0.35046513087059533,8,13
675,5,40,50,40,0.43643181767183975,0.3504638583301329,8,13
676,5,40,50,50,0.4364394827610763,0.3504733586826401,8,13
677,5,40,50,60,0.4364438375302326,0.3504702004310079,8,13
678,5,40,60,10,0.4364302325824112,0.35038991548139525,8,13
679,5,40,60,20,0.43646690426390156,0.3504122783266903,8,13
680,5,40,60,30,0.4364842198468944,0.35041364588396423,8,13
681,5,40,60,40,0.43648636688435455,0.35041191422920126,8,13
682,5,40,60,50,0.43649015053604023,0.3504160888708528,8,13
683,5,40,60,60,0.4364951461131455,0.3504161222916458,8,13
684,5,100,10,10,0.1777853562047054,0.15735330089777863,16,29
685,5,100,10,20,0.1778163785144448,0.15732920338463036,16,29
686,5,100,10,30,0.17781641967062273,0.1573146031257486,16,29
687,5,100,10,40,0.17781995718603985,0.15730346377402338,16,29
688,5,100,10,50,0.17782285187853755,0.15730107150171255,16,29
689,5,100,10,60,0.1778231392507857,0.1572986508937772,16,29
690,5,100,20,10,0.17785169130931117,0.1571902195279166,16,27
691,5,100,20,20,0.17786139099384723,0.15715730723232116,16,27
692,5,100,20,30,0.17785715438761088,0.15715117395918446,16,27
693,5,100,20,40,0.177858778758898,0.15714521309170176,16,27
694,5,100,20,50,0.17785572203579045,0.15714290038419199,16,27
695,5,100,20,60,0.1778593952766481,0.15714114288228298,16,27
696,5,100,30,10,0.177893433813264,0.1570711264377905,16,26
697,5,100,30,20,0.17789364471699398,0.157054182798074,16,26
698,5,100,30,30,0.17789384479232295,0.15704403672374076,16,26
699,5,100,30,40,0.17789413892692607,0.15704451576824174,16,26
700,5,100,30,50,0.17789263057462745,0.1570406847158151,16,26
701,5,100,30,60,0.17789320749925006,0.15703790528324,16,26
702,5,100,40,10,0.1780280138253932,0.15706711784389274,16,25
703,5,100,40,20,0.17802324571455846,0.15705187326467066,16,25
704,5,100,40,30,0.17802070347572876,0.15704818958914238,16,25
705,5,100,40,40,0.17801966678766132,0.1570456777368038,16,25
706,5,100,40,50,0.1780225156626431,0.15704543182296812,16,25
707,5,100,40,60,0.1780192296482266,0.1570419739883728,16,25
708,5,100,50,10,0.177955005303905,0.15694045434063114,16,25
709,5,100,50,20,0.177956632600452,0.1569315670906546,16,25
710,5,100,50,30,0.17796056052319636,0.15693740171230683,16,25
711,5,100,50,40,0.1779600015633579,0.15693401315814068,16,25
712,5,100,50,50,0.17796096252446894,0.15693683555219062,16,25
713,5,100,50,60,0.17796157466870216,0.1569341082386328,16,25
714,5,100,60,10,0.17798322437361092,0.1569173628580876,16,25
715,5,100,60,20,0.1779826394981928,0.15691429417683503,16,25
716,5,100,60,30,0.1779844939755828,0.1569100081790935,16,25
717,5,100,60,40,0.17798290989700197,0.15690687786823057,16,25
718,5,100,60,50,0.17798289265651945,0.15690756832120953,16,25
719,5,100,60,60,0.17798392374753444,0.1569066174903585,16,25
720,6,1,10,10,6.071795411739975,1.966763324075374,2,4
721,6,1,10,20,6.112527973770742,1.972428194353812,2,4
722,6,1,10,30,6.125627803858514,1.974256770794937,2,4
723,6,1,10,40,6.131581571799999,1.975049069405688,2,4
724,6,1,10,50,6.1361539615538945,1.9756783176025736,2,4
725,6,1,10,60,6.1388790388149985,1.9760700536878608,2,4
726,6,1,20,10,6.11407813403075,1.973248042002671,2,4
727,6,1,20,20,6.132427410838253,1.975745273767506,2,4
728,6,1,20,30,6.139316821070579,1.9766966195260276,2,4
729,6,1,20,40,6.1425022116023955,1.977129057718845,2,4
730,6,1,20,50,6.144273920107513,1.9773636745350682,2,4
731,6,1,20,60,6.14566144015936,1.9775577872054582,2,4
732,6,1,30,10,6.131903727669571,1.9760423125947988,2,4
733,6,1,30,20,6.144911648069175,1.977836443954065,2,4
734,6,1,30,30,6.149282351490656,1.978440074872849,2,4
735,6,1,30,40,6.151492711246782,1.978744894959412,2,4
736,6,1,30,50,6.152778916284744,1.9789244304881983,2,4
737,6,1,30,60,6.1536687651234,1.9790455507780742,2,4
738,6,1,40,10,6.132456506193239,1.9758857152529548,2,4
739,6,1,40,20,6.14269208370404,1.9772960308522316,2,4
740,6,1,40,30,6.145866331811535,1.9777274012542945,2,4
741,6,1,40,40,6.1474986390054305,1.9779510516039698,2,4
742,6,1,40,50,6.148391069657917,1.9780763088191347,2,4
743,6,1,40,60,6.1490803943561785,1.9781647869853578,2,4
744,6,1,50,10,6.143085110239028,1.9776516660156949,2,4
745,6,1,50,20,6.150669266700087,1.9786939231394487,2,4
746,6,1,50,30,6.153392531346322,1.9790780976279885,2,4
747,6,1,50,40,6.154618748030365,1.979243787088537,2,4
748,6,1,50,50,6.155456129098038,1.9793605654090578,2,4
749,6,1,50,60,6.155923122592851,1.9794234302750484,2,4
750,6,1,60,10,6.145798057109413,1.97804425683614,2,4
751,6,1,60,20,6.152086984065178,1.9789059846063115,2,4
752,6,1,60,30,6.154248207926842,1.9792043016828564,2,4
753,6,1,60,40,6.155325278928474,1.9793519964061832,2,4
754,6,1,60,50,6.1559489672505645,1.9794377530182614,2,4
755,6,1,60,60,6.156379885297655,1.9794965260617072,2,4
756,6,10,10,10,1.8856323668188189,1.084914259897413,4,8
757,6,10,10,20,1.885840354363249,1.0845514091785327,4,8
758,6,10,10,30,1.8858063878400515,1.0844038678575434,4,8
759,6,10,10,40,1.8857234002782783,1.0842776336529991,4,8
760,6,10,10,50,1.885838095778935,1.084281251055192,4,8
761,6,10,10,60,1.8857899599716597,1.0842364750843816,4,8
762,6,10,20,10,1.8848924252759272,1.084244755680695,4,8
763,6,10,20,20,1.8845367399210846,1.0838220090491697,4,8
764,6,10,20,30,1.8846654368799807,1.083824530536252,4,8
765,6,10,20,40,1.884618449339366,1.083758138986224,4,8
766,6,10,20,50,1.8846727102084204,1.0837687588900158,4,8
767,6,10,20,60,1.884620305440294,1.0837201502353542,4,8
768,6,10,30,10,1.8824460527074263,1.082744748536436,4,8
769,6,10,30,20,1.8823938348723641,1.0825841442774304,4,8
770,6,10,30,30,1.8822777346186728,1.0824726555810378,4,8
771,6,10,30,40,1.8823429682714867,1.0824871033033672,4,8
772,6,10,30,50,1.8822998952861485,1.0824531069647836,4,8
773,6,10,30,60,1.8822636395459953,1.082420760746507,4,8
774,6,10,40,10,1.8809516804821693,1.0816535047801756,4,7
775,6,10,40,20,1.8809951272956549,1.0815668489845054,4,7
776,6,10,40,30,1.8810502183927904,1.0815605826905341,4,7
777,6,10,40,40,1.881054900853268,1.0815471089196278,4,7
778,6,10,40,50,1.8810137175402062,1.0815145662691303,4,7
779,6,10,40,60,1.8810298263766558,1.0815146430514715,4,7
780,6,10,50,10,1.8793675462568231,1.0808226780083456,4,7
781,6,10,50,20,1.8793273164933466,1.0807193920293394,4,7
782,6,10,50,30,1.8794301653249497,1.0807509360665843,4,7
783,6,10,50,40,1.879402254103272,1.0807213046202222,4,7
784,6,10,50,50,1.8794641661760316,1.0807473914281147,4,7
785,6,10,50,60,1.879413547483482,1.080711556635181,4,7
786,6,10,60,10,1.8785668744551776,1.0803071646417146,4,7
787,6,10,60,20,1.8786573452350046,1.0802951250941821,4,7
788,6,10,60,30,1.878588603706971,1.0802313721822543,4,7
789,6,10,60,40,1.8785713371129342,1.0802119415047735,4,7
790,6,10,60,50,1.87859612499847,1.0802204927947652,4,7
791,6,10,60,60,1.8785748415115608,1.0802020036841278,4,7
792,6,40,10,10,0.43562878555235446,0.3508974019854789,8,15
793,6,40,10,20,0.43594053034616986,0.3510286346839701,8,15
794,6,40,10,30,0.43601859283107114,0.351058654451956,8,15
795,6,40,10,40,0.4360641431032308,0.35106465838246753,8,15
796,6,40,10,50,0.43609658784208954,0.3510794750629681,8,15
797,6,40,10,60,0.43611198565582104,0.351085682789565,8,15
798,6,40,20,10,0.436004127151142,0.3508163071068722,8,14
799,6,40,20,20,0.43614197049819375,0.3508375572851364,8,14
800,6,40,20,30,0.43617118330587673,0.3508548537813662,8,14
801,6,40,20,40,0.4361945606060884,0.35085788332397433,8,14
802,6,40,20,50,0.4361986700866216,0.3508616556177902,8,14
803,6,40,20,60,0.43621503470949813,0.3508640041121009,8,14
804,6,40,30,10,0.4361683127829321,0.35064752553198986,8,13
805,6,40,30,20,0.43624275968717025,0.3506696110898941,8,13
806,6,40,30,30,0.43626753234164894,0.35066778342248,8,13
807,6,40,30,40,0.43628115087479136,0.350678425479152,8,13
808,6,40,30,50,0.4362847443955295,0.3506762752066579,8,13
809,6,40,30,60,0.43629095121563594,0.3506744238161418,8,13
810,6,40,40,10,0.43651279233927104,0.3506600823081142,8,13
811,6,40,40,20,0.43656099134848325,0.35067452689995215,8,13
812,6,40,40,30,0.4365751253899562,0.35068217772465843,8,13
813,6,40,40,40,0.43658221371594025,0.35068442086154605,8,13
814,6,40,40,50,0.4365941213383191,0.35068776252288536,8,13
815,6,40,40,60,0.4365906315717185,0.35068421991812326,8,13
816,6,40,50,10,0.436350276611503,0.3504246391917972,8,13
817,6,40,50,20,0.43639978903667154,0.35044121504923803,8,13
818,6,40,50,30,0.4364259348617974,0.35046513087059533,8,13
819,6,40,50,40,0.43643181767183975,0.3504638583301329,8,13
820,6,40,50,50,0.4364394827610763,0.3504733586826401,8,13
821,6,40,50,60,0.4364438375302326,0.3504702004310079,8,13
822,6,40,60,10,0.4364302325824112,0.35038991548139525,8,13
823,6,40,60,20,0.43646690426390156,0.3504122783266903,8,13
824,6,40,60,30,0.4364842198468944,0.35041364588396423,8,13
825,6,40,60,40,0.43648636688435455,0.35041191422920126,8,13
826,6,40,60,50,0.43649015053604023,0.3504160888708528,8,13
827,6,40,60,60,0.4364951461131455,0.3504161222916458,8,13
828,6,100,10,10,0.1777853562047054,0.15735330089777863,16,29
829,6,100,10,20,0.1778163785144448,0.15732920338463036,16,29
830,6,100,10,30,0.17781641967062273,0.1573146031257486,16,29
831,6,100,10,40,0.17781995718603985,0.15730346377402338,16,29
832,6,100,10,50,0.17782285187853755,0.15730107150171255,16,29
833,6,100,10,60,0.1778231392507857,0.1572986508937772,16,29
834,6,100,20,10,0.17785169130931117,0.1571902195279166,16,27
835,6,100,20,20,0.17786139099384723,0.15715730723232116,16,27
836,6,100,20,30,0.17785715438761088,0.15715117395918446,16,27
837,6,100,20,40,0.177858778758898,0.15714521309170176,16,27
838,6,100,20,50,0.17785572203579045,0.15714290038419199,16,27
839,6,100,20,60,0.1778593952766481,0.15714114288228298,16,27
840,6,100,30,10,0.177893433813264,0.1570711264377905,16,26
841,6,100,30,20,0.17789364471699398,0.157054182798074,16,26
842,6,100,30,30,0.17789384479232295,0.15704403672374076,16,26
843,6,100,30,40,0.17789413892692607,0.15704451576824174,16,26
844,6,100,30,50,0.17789263057462745,0.1570406847158151,16,26
845,6,100,30,60,0.17789320749925006,0.15703790528324,16,26
846,6,100,40,10,0.1780280138253932,0.15706711784389274,16,25
847,6,100,40,20,0.17802324571455846,0.15705187326467066,16,25
848,6,100,40,30,0.17802070347572876,0.15704818958914238,16,25
849,6,100,40,40,0.17801966678766132,0.1570456777368038,16,25
850,6,100,40,50,0.1780225156626431,0.15704543182296812,16,25
851,6,100,40,60,0.1780192296482266,0.1570419739883728,16,25
852,6,100,50,10,0.177955005303905,0.15694045434063114,16,25
853,6,100,50,20,0.177956632600452,0.1569315670906546,16,25
854,6,100,50,30,0.17796056052319636,0.15693740171230683,16,25
855,6,100,50,40,0.1779600015633579,0.15693401315814068,16,25
856,6,100,50,50,0.17796096252446894,0.15693683555219062,16,25
857,6,100,50,60,0.17796157466870216,0.1569341082386328,16,25
858,6,100,60,10,0.17798322437361092,0.1569173628580876,16,25
859,6,100,60,20,0.1779826394981928,0.15691429417683503,16,25
860,6,100,60,30,0.1779844939755828,0.1569100081790935,16,25
861,6,100,60,40,0.17798290989700197,0.15690687786823057,16,25
862,6,100,60,50,0.17798289265651945,0.15690756832120953,16,25
863,6,100,60,60,0.17798392374753444,0.1569066174903585,16,25
864,7,1,10,10,6.071795411739975,1.966763324075374,2,4
865,7,1,10,20,6.112527973770742,1.972428194353812,2,4
866,7,1,10,30,6.125627803858514,1.974256770794937,2,4
867,7,1,10,40,6.131581571799999,1.975049069405688,2,4
868,7,1,10,50,6.1361539615538945,1.9756783176025736,2,4
869,7,1,10,60,6.1388790388149985,1.9760700536878608,2,4
870,7,1,20,10,6.11407813403075,1.973248042002671,2,4
871,7,1,20,20,6.132427410838253,1.975745273767506,2,4
872,7,1,20,30,6.139316821070579,1.9766966195260276,2,4
873,7,1,20,40,6.1425022116023955,1.977129057718845,2,4
874,7,1,20,50,6.144273920107513,1.9773636745350682,2,4
875,7,1,20,60,6.14566144015936,1.9775577872054582,2,4
876,7,1,30,10,6.131903727669571,1.9760423125947988,2,4
877,7,1,30,20,6.144911648069175,1.977836443954065,2,4
878,7,1,30,30,6.149282351490656,1.978440074872849,2,4
879,7,1,30,40,6.151492711246782,1.978744894959412,2,4
880,7,1,30,50,6.152778916284744,1.9789244304881983,2,4
881,7,1,30,60,6.1536687651234,1.9790455507780742,2,4
882,7,1,40,10,6.132456506193239,1.9758857152529548,2,4
883,7,1,40,20,6.14269208370404,1.9772960308522316,2,4
884,7,1,40,30,6.145866331811535,1.9777274012542945,2,4
885,7,1,40,40,6.1474986390054305,1.9779510516039698,2,4
886,7,1,40,50,6.148391069657917,1.9780763088191347,2,4
887,7,1,40,60,6.1490803943561785,1.9781647869853578,2,4
888,7,1,50,10,6.143085110239028,1.9776516660156949,2,4
889,7,1,50,20,6.150669266700087,1.9786939231394487,2,4
890,7,1,50,30,6.153392531346322,1.9790780976279885,2,4
891,7,1,50,40,6.154618748030365,1.979243787088537,2,4
892,7,1,50,50,6.155456129098038,1.9793605654090578,2,4
893,7,1,50,60,6.155923122592851,1.9794234302750484,2,4
894,7,1,60,10,6.145798057109413,1.97804425683614,2,4
895,7,1,60,20,6.152086984065178,1.9789059846063115,2,4
896,7,1,60,30,6.154248207926842,1.9792043016828564,2,4
897,7,1,60,40,6.155325278928474,1.9793519964061832,2,4
898,7,1,60,50,6.1559489672505645,1.9794377530182614,2,4
899,7,1,60,60,6.156379885297655,1.9794965260617072,2,4
900,7,10,10,10,1.8856323668188189,1.084914259897413,4,8
901,7,10,10,20,1.885840354363249,1.0845514091785327,4,8
902,7,10,10,30,1.8858063878400515,1.0844038678575434,4,8
903,7,10,10,40,1.8857234002782783,1.0842776336529991,4,8
904,7,10,10,50,1.885838095778935,1.084281251055192,4,8
905,7,10,10,60,1.8857899599716597,1.0842364750843816,4,8
906,7,10,20,10,1.8848924252759272,1.084244755680695,4,8
907,7,10,20,20,1.8845367399210846,1.0838220090491697,4,8
908,7,10,20,30,1.8846654368799807,1.083824530536252,4,8
909,7,10,20,40,1.884618449339366,1.083758138986224,4,8
910,7,10,20,50,1.8846727102084204,1.0837687588900158,4,8
911,7,10,20,60,1.884620305440294,1.0837201502353542,4,8
912,7,10,30,10,1.8824460527074263,1.082744748536436,4,8
913,7,10,30,20,1.8823938348723641,1.0825841442774304,4,8
914,7,10,30,30,1.8822777346186728,1.0824726555810378,4,8
915,7,10,30,40,1.8823429682714867,1.0824871033033672,4,8
916,7,10,30,50,1.8822998952861485,1.0824531069647836,4,8
917,7,10,30,60,1.8822636395459953,1.082420760746507,4,8
918,7,10,40,10,1.8809516804821693,1.0816535047801756,4,7
919,7,10,40,20,1.8809951272956549,1.0815668489845054,4,7
920,7,10,40,30,1.8810502183927904,1.0815605826905341,4,7
921,7,10,40,40,1.881054900853268,1.0815471089196278,4,7
922,7,10,40,50,1.8810137175402062,1.0815145662691303,4,7
923,7,10,40,60,1.8810298263766558,1.0815146430514715,4,7
924,7,10,50,10,1.8793675462568231,1.0808226780083456,4,7
925,7,10,50,20,1.8793273164933466,1.0807193920293394,4,7
926,7,10,50,30,1.8794301653249497,1.0807509360665843,4,7
927,7,10,50,40,1.879402254103272,1.0807213046202222,4,7
928,7,10,50,50,1.8794641661760316,1.0807473914281147,4,7
929,7,10,50,60,1.879413547483482,1.080711556635181,4,7
930,7,10,60,10,1.8785668744551776,1.0803071646417146,4,7
931,7,10,60,20,1.8786573452350046,1.0802951250941821,4,7
932,7,10,60,30,1.878588603706971,1.0802313721822543,4,7
933,7,10,60,40,1.8785713371129342,1.0802119415047735,4,7
934,7,10,60,50,1.87859612499847,1.0802204927947652,4,7
935,7,10,60,60,1.8785748415115608,1.0802020036841278,4,7
936,7,40,10,10,0.43562878555235446,0.3508974019854789,8,15
937,7,40,10,20,0.43594053034616986,0.3510286346839701,8,15
938,7,40,10,30,0.43601859283107114,0.351058654451956,8,15
939,7,40,10,40,0.4360641431032308,0.35106465838246753,8,15
940,7,40,10,50,0.43609658784208954,0.3510794750629681,8,15
941,7,40,10,60,0.43611198565582104,0.351085682789565,8,15
942,7,40,20,10,0.436004127151142,0.3508163071068722,8,14
943,7,40,20,20,0.43614197049819375,0.3508375572851364,8,14
944,7,40,20,30,0.43617118330587673,0.3508548537813662,8,14
945,7,40,20,40,0.4361945606060884,0.35085788332397433,8,14
946,7,40,20,50,0.4361986700866216,0.3508616556177902,8,14
947,7,40,20,60,0.43621503470949813,0.3508640041121009,8,14
948,7,40,30,10,0.4361683127829321,0.35064752553198986,8,13
949,7,40,30,20,0.43624275968717025,0.3506696110898941,8,13
950,7,40,30,30,0.43626753234164894,0.35066778342248,8,13
951,7,40,30,40,0.43628115087479136,0.350678425479152,8,13
952,7,40,30,50,0.4362847443955295,0.3506762752066579,8,13
953,7,40,30,60,0.43629095121563594,0.3506744238161418,8,13
954,7,40,40,10,0.43651279233927104,0.3506600823081142,8,13
955,7,40,40,20,0.43656099134848325,0.35067452689995215,8,13
956,7,40,40,30,0.4365751253899562,0.35068217772465843,8,13
957,7,40,40,40,0.43658221371594025,0.35068442086154605,8,13
958,7,40,40,50,0.4365941213383191,0.35068776252288536,8,13
959,7,40,40,60,0.4365906315717185,0.35068421991812326,8,13
960,7,40,50,10,0.436350276611503,0.3504246391917972,8,13
961,7,40,50,20,0.43639978903667154,0.35044121504923803,8,13
962,7,40,50,30,0.4364259348617974,0.35046513087059533,8,13
963,7,40,50,40,0.43643181767183975,0.3504638583301329,8,13
964,7,40,50,50,0.4364394827610763,0.3504733586826401,8,13
965,7,40,50,60,0.4364438375302326,0.3504702004310079,8,13
966,7,40,60,10,0.4364302325824112,0.35038991548139525,8,13
967,7,40,60,20,0.43646690426390156,0.3504122783266903,8,13
968,7,40,60,30,0.4364842198468944,0.35041364588396423,8,13
969,7,40,60,40,0.43648636688435455,0.35041191422920126,8,13
970,7,40,60,50,0.43649015053604023,0.3504160888708528,8,13
971,7,40,60,60,0.4364951461131455,0.3504161222916458,8,13
972,7,100,10,10,0.1777853562047054,0.15735330089777863,16,29
973,7,100,10,20,0.1778163785144448,0.15732920338463036,16,29
974,7,100,10,30,0.17781641967062273,0.1573146031257486,16,29
975,7,100,10,40,0.17781995718603985,0.15730346377402338,16,29
976,7,100,10,50,0.17782285187853755,0.15730107150171255,16,29
977,7,100,10,60,0.1778231392507857,0.1572986508937772,16,29
978,7,100,20,10,0.17785169130931117,0.1571902195279166,16,27
979,7,100,20,20,0.17786139099384723,0.15715730723232116,16,27
980,7,100,20,30,0.17785715438761088,0.15715117395918446,16,27
981,7,100,20,40,0.177858778758898,0.15714521309170176,16,27
982,7,100,20,50,0.17785572203579045,0.15714290038419199,16,27
983,7,100,20,60,0.1778593952766481,0.15714114288228298,16,27
984,7,100,30,10,0.177893433813264,0.1570711264377905,16,26
985,7,100,30,20,0.17789364471699398,0.157054182798074,16,26
986,7,100,30,30,0.17789384479232295,0.15704403672374076,16,26
987,7,100,30,40,0.17789413892692607,0.15704451576824174,16,26
988,7,100,30,50,0.17789263057462745,0.1570406847158151,16,26
989,7,100,30,60,0.17789320749925006,0.15703790528324,16,26
990,7,100,40,10,0.1780280138253932,0.15706711784389274,16,25
991,7,100,40,20,0.17802324571455846,0.15705187326467066,16,25
992,7,100,40,30,0.17802070347572876,0.15704818958914238,16,25
993,7,100,40,40,0.17801966678766132,0.1570456777368038,16,25
994,7,100,40,50,0.1780225156626431,0.15704543182296812,16,25
995,7,100,40,60,0.1780192296482266,0.1570419739883728,16,25
996,7,100,50,10,0.177955005303905,0.15694045434063114,16,25
997,7,100,50,20,0.177956632600452,0.1569315670906546,16,25
998,7,100,50,30,0.17796056052319636,0.15693740171230683,16,25
999,7,100,50,40,0.1779600015633579,0.15693401315814068,16,25
1000,7,100,50,50,0.17796096252446894,0.15693683555219062,16,25
1001,7,100,50,60,0.17796157466870216,0.1569341082386328,16,25
1002,7,100,60,10,0.17798322437361092,0.1569173628580876,16,25
1003,7,100,60,20,0.1779826394981928,0.15691429417683503,16,25
1004,7,100,60,30,0.1779844939755828,0.1569100081790935,16,25
1005,7,100,60,40,0.17798290989700197,0.15690687786823057,16,25
1006,7,100,60,50,0.17798289265651945,0.15690756832120953,16,25
1007,7,100,60,60,0.17798392374753444,0.1569066174903585,16,25
1008,8,1,10,10,6.071795411739975,1.966763324075374,2,4
1009,8,1,10,20,6.112527973770742,1.972428194353812,2,4
1010,8,1,10,30,6.125627803858514,1.974256770794937,2,4
1011,8,1,10,40,6.131581571799999,1.975049069405688,2,4
1012,8,1,10,50,6.1361539615538945,1.9756783176025736,2,4
1013,8,1,10,60,6.1388790388149985,1.9760700536878608,2,4
1014,8,1,20,10,6.11407813403075,1.973248042002671,2,4
1015,8,1,20,20,6.132427410838253,1.975745273767506,2,4
1016,8,1,20,30,6.139316821070579,1.9766966195260276,2,4
1017,8,1,20,40,6.1425022116023955,1.977129057718845,2,4
1018,8,1,20,50,6.144273920107513,1.9773636745350682,2,4
1019,8,1,20,60,6.14566144015936,1.9775577872054582,2,4
1020,8,1,30,10,6.131903727669571,1.9760423125947988,2,4
1021,8,1,30,20,6.144911648069175,1.977836443954065,2,4
1022,8,1,30,30,6.149282351490656,1.978440074872849,2,4
1023,8,1,30,40,6.151492711246782,1.978744894959412,2,4
1024,8,1,30,50,6.152778916284744,1.9789244304881983,2,4
1025,8,1,30,60,6.1536687651234,1.9790455507780742,2,4
1026,8,1,40,10,6.132456506193239,1.9758857152529548,2,4
1027,8,1,40,20,6.14269208370404,1.9772960308522316,2,4
1028,8,1,40,30,6.145866331811535,1.9777274012542945,2,4
1029,8,1,40,40,6.1474986390054305,1.9779510516039698,2,4
1030,8,1,40,50,6.148391069657917,1.9780763088191347,2,4
1031,8,1,40,60,6.1490803943561785,1.9781647869853578,2,4
1032,8,1,50,10,6.143085110239028,1.9776516660156949,2,4
1033,8,1,50,20,6.150669266700087,1.9786939231394487,2,4
1034,8,1,50,30,6.153392531346322,1.9790780976279885,2,4
1035,8,1,50,40,6.154618748030365,1.979243787088537,2,4
1036,8,1,50,50,6.155456129098038,1.9793605654090578,2,4
1037,8,1,50,60,6.155923122592851,1.9794234302750484,2,4
1038,8,1,60,10,6.145798057109413,1.97804425683614,2,4
1039,8,1,60,20,6.152086984065178,1.9789059846063115,2,4
1040,8,1,60,30,6.154248207926842,1.9792043016828564,2,4
1041,8,1,60,40,6.155325278928474,1.9793519964061832,2,4
1042,8,1,60,50,6.1559489672505645,1.9794377530182614,2,4
1043,8,1,60,60,6.156379885297655,1.9794965260617072,2,4
1044,8,10,10,10,1.8856323668188189,1.084914259897413,4,8
1045,8,10,10,20,1.885840354363249,1.0845514091785327,4,8
1046,8,10,10,30,1.8858063878400515,1.0844038678575434,4,8
1047,8,10,10,40,1.8857234002782783,1.0842776336529991,4,8
1048,8,10,10,50,1.885838095778935,1.084281251055192,4,8
1049,8,10,10,60,1.8857899599716597,1.0842364750843816,4,8
1050,8,10,20,10,1.8848924252759272,1.084244755680695,4,8
1051,8,10,20,20,1.8845367399210846,1.0838220090491697,4,8
1052,8,10,20,30,1.8846654368799807,1.083824530536252,4,8
1053,8,10,20,40,1.884618449339366,1.083758138986224,4,8
1054,8,10,20,50,1.8846727102084204,1.0837687588900158,4,8
1055,8,10,20,60,1.884620305440294,1.0837201502353542,4,8
1056,8,10,30,10,1.8824460527074263,1.082744748536436,4,8
1057,8,10,30,20,1.8823938348723641,1.0825841442774304,4,8
1058,8,10,30,30,1.8822777346186728,1.0824726555810378,4,8
1059,8,10,30,40,1.8823429682714867,1.0824871033033672,4,8
1060,8,10,30,50,1.8822998952861485,1.0824531069647836,4,8
1061,8,10,30,60,1.8822636395459953,1.082420760746507,4,8
1062,8,10,40,10,1.8809516804821693,1.0816535047801756,4,7
1063,8,10,40,20,1.8809951272956549,1.0815668489845054,4,7
1064,8,10,40,30,1.8810502183927904,1.0815605826905341,4,7
1065,8,10,40,40,1.881054900853268,1.0815471089196278,4,7
1066,8,10,40,50,1.8810137175402062,1.0815145662691303,4,7
1067,8,10,40,60,1.8810298263766558,1.0815146430514715,4,7
1068,8,10,50,10,1.8793675462568231,1.0808226780083456,4,7
1069,8,10,50,20,1.8793273164933466,1.0807193920293394,4,7
1070,8,10,50,30,1.8794301653249497,1.0807509360665843,4,7
1071,8,10,50,40,1.879402254103272,1.0807213046202222,4,7
1072,8,10,50,50,1.8794641661760316,1.0807473914281147,4,7
1073,8,10,50,60,1.879413547483482,1.080711556635181,4,7
1074,8,10,60,10,1.8785668744551776,1.0803071646417146,4,7
1075,8,10,60,20,1.8786573452350046,1.0802951250941821,4,7
1076,8,10,60,30,1.878588603706971,1.0802313721822543,4,7
1077,8,10,60,40,1.8785713371129342,1.0802119415047735,4,7
1078,8,10,60,50,1.87859612499847,1.0802204927947652,4,7
1079,8,10,60,60,1.8785748415115608,1.0802020036841278,4,7
1080,8,40,10,10,0.43562878555235446,0.3508974019854789,8,15
1081,8,40,10,20,0.43594053034616986,0.3510286346839701,8,15
1082,8,40,10,30,0.43601859283107114,0.351058654451956,8,15
1083,8,40,10,40,0.4360641431032308,0.35106465838246753,8,15
1084,8,40,10,50,0.43609658784208954,0.3510794750629681,8,15
1085,8,40,10,60,0.43611198565582104,0.351085682789565,8,15
1086,8,40,20,10,0.436004127151142,0.3508163071068722,8,14
1087,8,40,20,20,0.43614197049819375,0.3508375572851364,8,14
1088,8,40,20,30,0.43617118330587673,0.3508548537813662,8,14
1089,8,40,20,40,0.4361945606060884,0.35085788332397433,8,14
1090,8,40,20,50,0.4361986700866216,0.3508616556177902,8,14
1091,8,40,20,60,0.43621503470949813,0.3508640041121009,8,14
1092,8,40,30,10,0.4361683127829321,0.35064752553198986,8,13
1093,8,40,30,20,0.43624275968717025,0.3506696110898941,8,13
1094,8,40,30,30,0.43626753234164894,0.35066778342248,8,13
1095,8,40,30,40,0.43628115087479136,0.350678425479152,8,13
1096,8,40,30,50,0.4362847443955295,0.3506762752066579,8,13
1097,8,40,30,60,0.43629095121563594,0.3506744238161418,8,13
1098,8,40,40,10,0.43651279233927104,0.3506600823081142,8,13
1099,8,40,40,20,0.43656099134848325,0.35067452689995215,8,13
1100,8,40,40,30,0.4365751253899562,0.35068217772465843,8,13
1101,8,40,40,40,0.43658221371594025,0.35068442086154605,8,13
1102,8,40,40,50,0.4365941213383191,0.35068776252288536,8,13
1103,8,40,40,60,0.4365906315717185,0.35068421991812326,8,13
1104,8,40,50,10,0.436350276611503,0.3504246391917972,8,13
1105,8,40,50,20,0.43639978903667154,0.35044121504923803,8,13
1106,8,40,50,30,0.4364259348617974,0.35046513087059533,8,13
1107,8,40,50,40,0.43643181767183975,0.3504638583301329,8,13
1108,8,40,50,50,0.4364394827610763,0.3504733586826401,8,13
1109,8,40,50,60,0.4364438375302326,0.3504702004310079,8,13
1110,8,40,60,10,0.4364302325824112,0.35038991548139525,8,13
1111,8,40,60,20,0.43646690426390156,0.3504122783266903,8,13
1112,8,40,60,30,0.4364842198468944,0.35041364588396423,8,13
1113,8,40,60,40,0.43648636688435455,0.35041191422920126,8,13
1114,8,40,60,50,0.43649015053604023,0.3504160888708528,8,13
1115,8,40,60,60,0.4364951461131455,0.3504161222916458,8,13
1116,8,100,10,10,0.1777853562047054,0.15735330089777863,16,29
1117,8,100,10,20,0.1778163785144448,0.15732920338463036,16,29
1118,8,100,10,30,0.17781641967062273,0.1573146031257486,16,29
1119,8,100,10,40,0.17781995718603985,0.15730346377402338,16,29
1120,8,100,10,50,0.17782285187853755,0.15730107150171255,16,29
1121,8,100,10,60,0.1778231392507857,0.1572986508937772,16,29
1122,8,100,20,10,0.17785169130931117,0.1571902195279166,16,27
1123,8,100,20,20,0.17786139099384723,0.15715730723232116,16,27
1124,8,100,20,30,0.17785715438761088,0.15715117395918446,16,27
1125,8,100,20,40,0.177858778758898,0.15714521309170176,16,27
1126,8,100,20,50,0.17785572203579045,0.15714290038419199,16,27
1127,8,100,20,60,0.1778593952766481,0.15714114288228298,16,27
1128,8,100,30,10,0.177893433813264,0.1570711264377905,16,26
1129,8,100,30,20,0.17789364471699398,0.157054182798074,16,26
1130,8,100,30,30,0.17789384479232295,0.15704403672374076,16,26
1131,8,100,30,40,0.17789413892692607,0.15704451576824174,16,26
1132,8,100,30,50,0.17789263057462745,0.1570406847158151,16,26
1133,8,100,30,60,0.17789320749925006,0.15703790528324,16,26
1134,8,100,40,10,0.1780280138253932,0.15706711784389274,16,25
1135,8,100,40,20,0.17802324571455846,0.15705187326467066,16,25
1136,8,100,40,30,0.17802070347572876,0.15704818958914238,16,25
1137,8,100,40,40,0.17801966678766132,0.1570456777368038,16,25
1138,8,100,40,50,0.1780225156626431,0.15704543182296812,16,25
1139,8,100,40,60,0.1780192296482266,0.1570419739883728,16,25
1140,8,100,50,10,0.177955005303905,0.15694045434063114,16,25
1141,8,100,50,20,0.177956632600452,0.1569315670906546,16,25
1142,8,100,50,30,0.17796056052319636,0.15693740171230683,16,25
1143,8,100,50,40,0.1779600015633579,0.15693401315814068,16,25
1144,8,100,50,50,0.17796096252446894,0.15693683555219062,16,25
1145,8,100,50,60,0.17796157466870216,0.1569341082386328,16,25
1146,8,100,60,10,0.17798322437361092,0.1569173628580876,16,25
1147,8,100,60,20,0.1779826394981928,0.15691429417683503,16,25
1148,8,100,60,30,0.1779844939755828,0.1569100081790935,16,25
1149,8,100,60,40,0.17798290989700197,0.15690687786823057,16,25
1150,8,100,60,50,0.17798289265651945,0.15690756832120953,16,25
1151,8,100,60,60,0.17798392374753444,0.1569066174903585,16,25
1152,9,1,10,10,6.071795411739975,1.966763324075374,2,4
1153,9,1,10,20,6.112527973770742,1.972428194353812,2,4
1154,9,1,10,30,6.125627803858514,1.974256770794937,2,4
1155,9,1,10,40,6.131581571799999,1.975049069405688,2,4
1156,9,1,10,50,6.1361539615538945,1.9756783176025736,2,4
1157,9,1,10,60,6.1388790388149985,1.9760700536878608,2,4
1158,9,1,20,10,6.11407813403075,1.973248042002671,2,4
1159,9,1,20,20,6.132427410838253,1.975745273767506,2,4
1160,9,1,20,30,6.139316821070579,1.9766966195260276,2,4
1161,9,1,20,40,6.1425022116023955,1.977129057718845,2,4
1162,9,1,20,50,6.144273920107513,1.9773636745350682,2,4
1163,9,1,20,60,6.14566144015936,1.9775577872054582,2,4
1164,9,1,30,10,6.131903727669571,1.9760423125947988,2,4
1165,9,1,30,20,6.144911648069175,1.977836443954065,2,4
1166,9,1,30,30,6.149282351490656,1.978440074872849,2,4
1167,9,1,30,40,6.151492711246782,1.978744894959412,2,4
1168,9,1,30,50,6.152778916284744,1.9789244304881983,2,4
1169,9,1,30,60,6.1536687651234,1.9790455507780742,2,4
1170,9,1,40,10,6.132456506193239,1.9758857152529548,2,4
1171,9,1,40,20,6.14269208370404,1.9772960308522316,2,4
1172,9,1,40,30,6.145866331811535,1.9777274012542945,2,4
1173,9,1,40,40,6.1474986390054305,1.9779510516039698,2,4
1174,9,1,40,50,6.148391069657917,1.9780763088191347,2,4
1175,9,1,40,60,6.1490803943561785,1.9781647869853578,2,4
1176,9,1,50,10,6.143085110239028,1.9776516660156949,2,4
1177,9,1,50,20,6.150669266700087,1.9786939231394487,2,4
1178,9,1,50,30,6.153392531346322,1.9790780976279885,2,4
1179,9,1,50,40,6.154618748030365,1.979243787088537,2,4
1180,9,1,50,50,6.155456129098038,1.9793605654090578,2,4
1181,9,1,50,60,6.155923122592851,1.9794234302750484,2,4
1182,9,1,60,10,6.145798057109413,1.97804425683614,2,4
1183,9,1,60,20,6.152086984065178,1.9789059846063115,2,4
1184,9,1,60,30,6.154248207926842,1.9792043016828564,2,4
1185,9,1,60,40,6.155325278928474,1.9793519964061832,2,4
1186,9,1,60,50,6.1559489672505645,1.9794377530182614,2,4
1187,9,1,60,60,6.156379885297655,1.9794965260617072,2,4
1188,9,10,10,10,1.8856323668188189,1.084914259897413,4,8
1189,9,10,10,20,1.885840354363249,1.0845514091785327,4,8
1190,9,10,10,30,1.8858063878400515,1.0844038678575434,4,8
1191,9,10,10,40,1.8857234002782783,1.0842776336529991,4,8
1192,9,10,10,50,1.885838095778935,1.084281251055192,4,8
1193,9,10,10,60,1.8857899599716597,1.0842364750843816,4,8
1194,9,10,20,10,1.8848924252759272,1.084244755680695,4,8
1195,9,10,20,20,1.8845367399210846,1.0838220090491697,4,8
1196,9,10,20,30,1.8846654368799807,1.083824530536252,4,8
1197,9,10,20,40,1.884618449339366,1.083758138986224,4,8
1198,9,10,20,50,1.8846727102084204,1.0837687588900158,4,8
1199,9,10,20,60,1.884620305440294,1.0837201502353542,4,8
1200,9,10,30,10,1.8824460527074263,1.082744748536436,4,8
1201,9,10,30,20,1.8823938348723641,1.0825841442774304,4,8
1202,9,10,30,30,1.8822777346186728,1.0824726555810378,4,8
1203,9,10,30,40,1.8823429682714867,1.0824871033033672,4,8
1204,9,10,30,50,1.8822998952861485,1.0824531069647836,4,8
1205,9,10,30,60,1.8822636395459953,1.082420760746507,4,8
1206,9,10,40,10,1.8809516804821693,1.0816535047801756,4,7
1207,9,10,40,20,1.8809951272956549,1.0815668489845054,4,7
1208,9,10,40,30,1.8810502183927904,1.0815605826905341,4,7
1209,9,10,40,40,1.881054900853268,1.0815471089196278,4,7
1210,9,10,40,50,1.8810137175402062,1.0815145662691303,4,7
1211,9,10,40,60,1.8810298263766558,1.0815146430514715,4,7
1212,9,10,50,10,1.8793675462568231,1.0808226780083456,4,7
1213,9,10,50,20,1.8793273164933466,1.0807193920293394,4,7
1214,9,10,50,30,1.8794301653249497,1.0807509360665843,4,7
1215,9,10,50,40,1.879402254103272,1.0807213046202222,4,7
1216,9,10,50,50,1.8794641661760316,1.0807473914281147,4,7
1217,9,10,50,60,1.879413547483482,1.080711556635181,4,7
1218,9,10,60,10,1.8785668744551776,1.0803071646417146,4,7
1219,9,10,60,20,1.8786573452350046,1.0802951250941821,4,7
1220,9,10,60,30,1.878588603706971,1.0802313721822543,4,7
1221,9,10,60,40,1.8785713371129342,1.0802119415047735,4,7
1222,9,10,60,50,1.87859612499847,1.0802204927947652,4,7
1223,9,10,60,60,1.8785748415115608,1.0802020036841278,4,7
1224,9,40,10,10,0.43562878555235446,0.3508974019854789,8,15
1225,9,40,10,20,0.43594053034616986,0.3510286346839701,8,15
1226,9,40,10,30,0.43601859283107114,0.351058654451956,8,15
1227,9,40,10,40,0.4360641431032308,0.35106465838246753,8,15
1228,9,40,10,50,0.43609658784208954,0.3510794750629681,8,15
1229,9,40,10,60,0.43611198565582104,0.351085682789565,8,15
1230,9,40,20,10,0.436004127151142,0.3508163071068722,8,14
1231,9,40,20,20,0.43614197049819375,0.3508375572851364,8,14
1232,9,40,20,30,0.43617118330587673,0.3508548537813662,8,14
1233,9,40,20,40,0.4361945606060884,0.35085788332397433,8,14
1234,9,40,20,50,0.4361986700866216,0.3508616556177902,8,14
1235,9,40,20,60,0.43621503470949813,0.3508640041121009,8,14
1236,9,40,30,10,0.4361683127829321,0.35064752553198986,8,13
1237,9,40,30,20,0.43624275968717025,0.3506696110898941,8,13
1238,9,40,30,30,0.43626753234164894,0.35066778342248,8,13
1239,9,40,30,40,0.43628115087479136,0.350678425479152,8,13
1240,9,40,30,50,0.4362847443955295,0.3506762752066579,8,13
1241,9,40,30,60,0.43629095121563594,0.3506744238161418,8,13
1242,9,40,40,10,0.43651279233927104,0.3506600823081142,8,13
1243,9,40,40,20,0.43656099134848325,0.35067452689995215,8,13
1244,9,40,40,30,0.4365751253899562,0.35068217772465843,8,13
1245,9,40,40,40,0.43658221371594025,0.35068442086154605,8,13
1246,9,40,40,50,0.4365941213383191,0.35068776252288536,8,13
1247,9,40,40,60,0.4365906315717185,0.35068421991812326,8,13
1248,9,40,50,10,0.436350276611503,0.3504246391917972,8,13
1249,9,40,50,20,0.43639978903667154,0.35044121504923803,8,13
1250,9,40,50,30,0.4364259348617974,0.35046513087059533,8,13
1251,9,40,50,40,0.43643181767183975,0.3504638583301329,8,13
1252,9,40,50,50,0.4364394827610763,0.3504733586826401,8,13
1253,9,40,50,60,0.4364438375302326,0.3504702004310079,8,13
1254,9,40,60,10,0.4364302325824112,0.35038991548139525,8,13
1255,9,40,60,20,0.43646690426390156,0.3504122783266903,8,13
1256,9,40,60,30,0.4364842198468944,0.35041364588396423,8,13
1257,9,40,60,40,0.43648636688435455,0.35041191422920126,8,13
1258,9,40,60,50,0.43649015053604023,0.3504160888708528,8,13
1259,9,40,60,60,0.4364951461131455,0.3504161222916458,8,13
1260,9,100,10,10,0.1777853562047054,0.15735330089777863,16,29
1261,9,100,10,20,0.1778163785144448,0.15732920338463036,16,29
1262,9,100,10,30,0.17781641967062273,0.1573146031257486,16,29
1263,9,100,10,40,0.17781995718603985,0.15730346377402338,16,29
1264,9,100,10,50,0.17782285187853755,0.15730107150171255,16,29
1265,9,100,10,60,0.1778231392507857,0.1572986508937772,16,29
1266,9,100,20,10,0.17785169130931117,0.1571902195279166,16,27
1267,9,100,20,20,0.17786139099384723,0.15715730723232116,16,27
1268,9,100,20,30,0.17785715438761088,0.15715117395918446,16,27
1269,9,100,20,40,0.177858778758898,0.15714521309170176,16,27
1270,9,100,20,50,0.17785572203579045,0.15714290038419199,16,27
1271,9,100,20,60,0.1778593952766481,0.15714114288228298,16,27
1272,9,100,30,10,0.177893433813264,0.1570711264377905,16,26
1273,9,100,30,20,0.17789364471699398,0.157054182798074,16,26
1274,9,100,30,30,0.17789384479232295,0.15704403672374076,16,26
1275,9,100,30,40,0.17789413892692607,0.15704451576824174,16,26
1276,9,100,30,50,0.17789263057462745,0.1570406847158151,16,26
1277,9,100,30,60,0.17789320749925006,0.15703790528324,16,26
1278,9,100,40,10,0.1780280138253932,0.15706711784389274,16,25
1279,9,100,40,20,0.17802324571455846,0.15705187326467066,16,25
1280,9,100,40,30,0.17802070347572876,0.15704818958914238,16,25
1281,9,100,40,40,0.17801966678766132,0.1570456777368038,16,25
1282,9,100,40,50,0.1780225156626431,0.15704543182296812,16,25
1283,9,100,40,60,0.1780192296482266,0.1570419739883728,16,25
1284,9,100,50,10,0.177955005303905,0.15694045434063114,16,25
1285,9,100,50,20,0.177956632600452,0.1569315670906546,16,25
1286,9,100,50,30,0.17796056052319636,0.15693740171230683,16,25
1287,9,100,50,40,0.1779600015633579,0.15693401315814068,16,25
1288,9,100,50,50,0.17796096252446894,0.15693683555219062,16,25
1289,9,100,50,60,0.17796157466870216,0.1569341082386328,16,25
1290,9,100,60,10,0.17798322437361092,0.1569173628580876,16,25
1291,9,100,60,20,0.1779826394981928,0.15691429417683503,16,25
1292,9,100,60,30,0.1779844939755828,0.1569100081790935,16,25
1293,9,100,60,40,0.17798290989700197,0.15690687786823057,16,25
1294,9,100,60,50,0.17798289265651945,0.15690756832120953,16,25
1295,9,100,60,60,0.17798392374753444,0.1569066174903585,16,25
1296,10,1,10,10,6.071795411739975,1.966763324075374,2,4
1297,10,1,10,20,6.112527973770742,1.972428194353812,2,4
1298,10,1,10,30,6.125627803858514,1.974256770794937,2,4
1299,10,1,10,40,6.131581571799999,1.975049069405688,2,4
1300,10,1,10,50,6.1361539615538945,1.9756783176025736,2,4
1301,10,1,10,60,6.1388790388149985,1.9760700536878608,2,4
1302,10,1,20,10,6.11407813403075,1.973248042002671,2,4
1303,10,1,20,20,6.132427410838253,1.975745273767506,2,4
1304,10,1,20,30,6.139316821070579,1.9766966195260276,2,4
1305,10,1,20,40,6.1425022116023955,1.977129057718845,2,4
1306,10,1,20,50,6.144273920107513,1.9773636745350682,2,4
1307,10,1,20,60,6.14566144015936,1.9775577872054582,2,4
1308,10,1,30,10,6.131903727669571,1.9760423125947988,2,4
1309,10,1,30,20,6.144911648069175,1.977836443954065,2,4
1310,10,1,30,30,6.149282351490656,1.978440074872849,2,4
1311,10,1,30,40,6.151492711246782,1.978744894959412,2,4
1312,10,1,30,50,6.152778916284744,1.9789244304881983,2,4
1313,10,1,30,60,6.1536687651234,1.9790455507780742,2,4
1314,10,1,40,10,6.132456506193239,1.9758857152529548,2,4
1315,10,1,40,20,6.14269208370404,1.9772960308522316,2,4
1316,10,1,40,30,6.145866331811535,1.9777274012542945,2,4
1317,10,1,40,40,6.1474986390054305,1.9779510516039698,2,4
1318,10,1,40,50,6.148391069657917,1.9780763088191347,2,4
1319,10,1,40,60,6.1490803943561785,1.9781647869853578,2,4
1320,10,1,50,10,6.143085110239028,1.9776516660156949,2,4
1321,10,1,50,20,6.150669266700087,1.9786939231394487,2,4
1322,10,1,50,30,6.153392531346322,1.9790780976279885,2,4
1323,10,1,50,40,6.154618748030365,1.979243787088537,2,4
1324,10,1,50,50,6.155456129098038,1.9793605654090578,2,4
1325,10,1,50,60,6.155923122592851,1.9794234302750484,2,4
1326,10,1,60,10,6.145798057109413,1.97804425683614,2,4
1327,10,1,60,20,6.152086984065178,1.9789059846063115,2,4
1328,10,1,60,30,6.154248207926842,1.9792043016828564,2,4
1329,10,1,60,40,6.155325278928474,1.9793519964061832,2,4
1330,10,1,60,50,6.1559489672505645,1.9794377530182614,2,4
1331,10,1,60,60,6.156379885297655,1.9794965260617072,2,4
1332,10,10,10,10,1.8856323668188189,1.084914259897413,4,8
1333,10,10,10,20,1.885840354363249,1.0845514091785327,4,8
1334,10,10,10,30,1.8858063878400515,1.0844038678575434,4,8
1335,10,10,10,40,1.8857234002782783,1.0842776336529991,4,8
1336,10,10,10,50,1.885838095778935,1.084281251055192,4,8
1337,10,10,10,60,1.8857899599716597,1.0842364750843816,4,8
1338,10,10,20,10,1.8848924252759272,1.084244755680695,4,8
1339,10,10,20,20,1.8845367399210846,1.0838220090491697,4,8
1340,10,10,20,30,1.8846654368799807,1.083824530536252,4,8
1341,10,10,20,40,1.884618449339366,1.083758138986224,4,8
1342,10,10,20,50,1.8846727102084204,1.0837687588900158,4,8
1343,10,10,20,60,1.884620305440294,1.0837201502353542,4,8
1344,10,10,30,10,1.8824460527074263,1.082744748536436,4,8
1345,10,10,30,20,1.8823938348723641,1.0825841442774304,4,8
1346,10,10,30,30,1.8822777346186728,1.0824726555810378,4,8
1347,10,10,30,40,1.8823429682714867,1.0824871033033672,4,8
1348,10,10,30,50,1.8822998952861485,1.0824531069647836,4,8
1349,10,10,30,60,1.8822636395459953,1.082420760746507,4,8
1350,10,10,40,10,1.8809516804821693,1.0816535047801756,4,7
1351,10,10,40,20,1.8809951272956549,1.0815668489845054,4,7
1352,10,10,40,30,1.8810502183927904,1.0815605826905341,4,7
1353,10,10,40,40,1.881054900853268,1.0815471089196278,4,7
1354,10,10,40,50,1.8810137175402062,1.0815145662691303,4,7
1355,10,10,40,60,1.8810298263766558,1.0815146430514715,4,7
1356,10,10,50,10,1.8793675462568231,1.0808226780083456,4,7
1357,10,10,50,20,1.8793273164933466,1.0807193920293394,4,7
1358,10,10,50,30,1.8794301653249497,1.0807509360665843,4,7
1359,10,10,50,40,1.879402254103272,1.0807213046202222,4,7
1360,10,10,50,50,1.8794641661760316,1.0807473914281147,4,7
1361,10,10,50,60,1.879413547483482,1.080711556635181,4,7
1362,10,10,60,10,1.8785668744551776,1.0803071646417146,4,7
1363,10,10,60,20,1.8786573452350046,1.0802951250941821,4,7
1364,10,10,60,30,1.878588603706971,1.0802313721822543,4,7
1365,10,10,60,40,1.8785713371129342,1.0802119415047735,4,7
1366,10,10,60,50,1.87859612499847,1.0802204927947652,4,7
1367,10,10,60,60,1.8785748415115608,1.0802020036841278,4,7
1368,10,40,10,10,0.43562878555235446,0.3508974019854789,8,15
1369,10,40,10,20,0.43594053034616986,0.3510286346839701,8,15
1370,10,40,10,30,0.43601859283107114,0.351058654451956,8,15
1371,10,40,10,40,0.4360641431032308,0.35106465838246753,8,15
1372,10,40,10,50,0.43609658784208954,0.3510794750629681,8,15
1373,10,40,10,60,0.43611198565582104,0.351085682789565,8,15
1374,10,40,20,10,0.436004127151142,0.3508163071068722,8,14
1375,10,40,20,20,0.43614197049819375,0.3508375572851364,8,14
1376,10,40,20,30,0.43617118330587673,0.3508548537813662,8,14
1377,10,40,20,40,0.4361945606060884,0.35085788332397433,8,14
1378,10,40,20,50,0.4361986700866216,0.3508616556177902,8,14
1379,10,40,20,60,0.43621503470949813,0.3508640041121009,8,14
1380,10,40,30,10,0.4361683127829321,0.35064752553198986,8,13
1381,10,40,30,20,0.43624275968717025,0.3506696110898941,8,13
1382,10,40,30,30,0.43626753234164894,0.35066778342248,8,13
1383,10,40,30,40,0.43628115087479136,0.350678425479152,8,13
1384,10,40,30,50,0.4362847443955295,0.3506762752066579,8,13
1385,10,40,30,60,0.43629095121563594,0.3506744238161418,8,13
1386,10,40,40,10,0.43651279233927104,0.3506600823081142,8,13
1387,10,40,40,20,0.43656099134848325,0.35067452689995215,8,13
1388,10,40,40,30,0.4365751253899562,0.35068217772465843,8,13
1389,10,40,40,40,0.43658221371594025,0.35068442086154605,8,13
1390,10,40,40,50,0.4365941213383191,0.35068776252288536,8,13
1391,10,40,40,60,0.4365906315717185,0.35068421991812326,8,13
1392,10,40,50,10,0.436350276611503,0.3504246391917972,8,13
1393,10,40,50,20,0.43639978903667154,0.35044121504923803,8,13
1394,10,40,50,30,0.4364259348617974,0.35046513087059533,8,13
1395,10,40,50,40,0.43643181767183975,0.3504638583301329,8,13
1396,10,40,50,50,0.4364394827610763,0.3504733586826401,8,13
1397,10,40,50,60,0.4364438375302326,0.3504702004310079,8,13
1398,10,40,60,10,0.4364302325824112,0.35038991548139525,8,13
1399,10,40,60,20,0.43646690426390156,0.3504122783266903,8,13
1400,10,40,60,30,0.4364842198468944,0.35041364588396423,8,13
1401,10,40,60,40,0.43648636688435455,0.35041191422920126,8,13
1402,10,40,60,50,0.43649015053604023,0.3504160888708528,8,13
1403,10,40,60,60,0.4364951461131455,0.3504161222916458,8,13
1404,10,100,10,10,0.1777853562047054,0.15735330089777863,16,29
1405,10,100,10,20,0.1778163785144448,0.15732920338463036,16,29
1406,10,100,10,30,0.17781641967062273,0.1573146031257486,16,29
1407,10,100,10,40,0.17781995718603985,0.15730346377402338,16,29
1408,10,100,10,50,0.17782285187853755,0.15730107150171255,16,29
1409,10,100,10,60,0.1778231392507857,0.1572986508937772,16,29
1410,10,100,20,10,0.17785169130931117,0.1571902195279166,16,27
1411,10,100,20,20,0.17786139099384723,0.15715730723232116,16,27
1412,10,100,20,30,0.17785715438761088,0.15715117395918446,16,27
1413,10,100,20,40,0.177858778758898,0.15714521309170176,16,27
1414,10,100,20,50,0.17785572203579045,0.15714290038419199,16,27
1415,10,100,20,60,0.1778593952766481,0.15714114288228298,16,27
1416,10,100,30,10,0.177893433813264,0.1570711264377905,16,26
1417,10,100,30,20,0.17789364471699398,0.157054182798074,16,26
1418,10,100,30,30,0.17789384479232295,0.15704403672374076,16,26
1419,10,100,30,40,0.17789413892692607,0.15704451576824174,16,26
1420,10,100,30,50,0.17789263057462745,0.1570406847158151,16,26
1421,10,100,30,60,0.17789320749925006,0.15703790528324,16,26
1422,10,100,40,10,0.1780280138253932,0.15706711784389274,16,25
1423,10,100,40,20,0.17802324571455846,0.15705187326467066,16,25
1424,10,100,40,30,0.17802070347572876,0.15704818958914238,16,25
1425,10,100,40,40,0.17801966678766132,0.1570456777368038,16,25
1426,10,100,40,50,0.1780225156626431,0.15704543182296812,16,25
1427,10,100,40,60,0.1780192296482266,0.1570419739883728,16,25
1428,10,100,50,10,0.177955005303905,0.15694045434063114,16,25
1429,10,100,50,20,0.177956632600452,0.1569315670906546,16,25
1430,10,100,50,30,0.17796056052319636,0.15693740171230683,16,25
1431,10,100,50,40,0.1779600015633579,0.15693401315814068,16,25
1432,10,100,50,50,0.17796096252446894,0.15693683555219062,16,25
1433,10,100,50,60,0.17796157466870216,0.1569341082386328,16,25
1434,10,100,60,10,0.17798322437361092,0.1569173628580876,16,25
1435,10,100,60,20,0.1779826394981928,0.15691429417683503,16,25
1436,10,100,60,30,0.1779844939755828,0.1569100081790935,16,25
1437,10,100,60,40,0.17798290989700197,0.15690687786823057,16,25
1438,10,100,60,50,0.17798289265651945,0.15690756832120953,16,25
1439,10,100,60,60,0.17798392374753444,0.1569066174903585,16,25
